City_ID,City,Country,Date,Lat,Lng,Max Temp,Humidity,Cloudiness,Wind Speed
0,Albany,US,2021-01-20 01:14:13,42.6001,-73.9662,33.01,76,100,4.09
1,Floresta,BR,2021-01-20 01:15:44,-8.6011,-38.5686,78.98,57,95,16.11
2,Petropavlovsk-Kamchatskiy,RU,2021-01-20 01:15:45,53.0452,158.6483,21.2,53,40,13.42
3,Busselton,AU,2021-01-20 01:15:45,-33.65,115.3333,75.0,79,0,5.99
4,Nikolskoye,RU,2021-01-20 01:15:45,59.7035,30.7861,23.0,86,75,4.47
5,Panaba,MX,2021-01-20 01:15:45,21.2833,-88.2667,70.45,86,5,11.14
6,Sao Miguel Do Araguaia,BR,2021-01-20 01:14:52,-13.275,-50.1628,73.51,86,100,2.98
7,Carutapera,BR,2021-01-20 01:15:46,-1.195,-46.02,77.13,85,100,7.47
8,Nadym,RU,2021-01-20 01:13:11,65.5333,72.5167,-28.25,85,37,2.86
9,Upernavik,GL,2021-01-20 01:15:46,72.7868,-56.1549,24.06,80,100,5.73
10,Kailua,US,2021-01-20 01:13:22,21.4022,-157.7394,80.6,65,75,13.8
11,Rabo De Peixe,PT,2021-01-20 01:15:47,37.8,-25.5833,59.0,82,40,12.66
12,Ikalamavony,MG,2021-01-20 01:15:47,-21.15,46.5833,66.97,80,77,5.79
13,Chuy,UY,2021-01-20 01:15:47,-33.6971,-53.4616,64.45,79,0,7.63
14,Port Alfred,ZA,2021-01-20 01:15:47,-33.5906,26.891,66.99,89,1,3.0
15,Provideniya,RU,2021-01-20 01:15:47,64.3833,-173.3,-2.2,78,90,8.95
16,Tongliao,CN,2021-01-20 01:15:48,43.6125,122.2653,17.65,96,81,12.55
17,Bambous Virieux,MU,2021-01-20 01:15:48,-20.3428,57.7575,79.0,94,20,5.75
18,Bathsheba,BB,2021-01-20 01:15:48,13.2167,-59.5167,78.8,69,20,19.57
19,Toamasina,MG,2021-01-20 01:15:48,-18.1667,49.3833,78.89,86,100,5.37
20,Kapaa,US,2021-01-20 01:15:49,22.0752,-159.319,69.8,100,90,25.32
21,Beruwala,LK,2021-01-20 01:15:49,6.4788,79.9828,75.2,86,98,9.46
22,Constitucion,CL,2021-01-20 01:15:49,-35.3333,-72.4167,59.04,93,11,5.17
23,Gorin,RU,2021-01-20 01:15:49,51.1983,136.6669,-12.3,85,32,6.85
24,Leningradskiy,RU,2021-01-20 01:15:50,69.3833,178.4167,-20.27,83,45,8.86
25,Georgetown,MY,2021-01-20 01:15:50,5.4112,100.3354,78.8,78,20,3.44
26,Pahrump,US,2021-01-20 01:15:26,36.2083,-115.9839,54.0,24,82,5.99
27,Bahia Honda,CU,2021-01-20 01:15:50,22.9036,-83.1592,69.08,82,100,12.1
28,Port Elizabeth,ZA,2021-01-20 01:15:50,-33.918,25.5701,64.4,94,90,12.66
29,Toyos,HN,2021-01-20 01:15:51,15.55,-87.65,78.8,78,40,6.91
30,Evensk,RU,2021-01-20 01:15:51,61.95,159.2333,-12.33,78,0,10.36
31,Opuwo,NA,2021-01-20 01:15:51,-18.0607,13.84,68.0,62,100,1.88
32,Morros,BR,2021-01-20 01:15:51,-9.4467,-46.3003,77.07,65,76,1.1
33,Ushuaia,AR,2021-01-20 01:15:51,-54.8,-68.3,59.0,55,40,4.61
34,Ponta Do Sol,PT,2021-01-20 01:15:52,32.6667,-17.1,59.0,75,100,8.99
35,Rikitea,PF,2021-01-20 01:15:52,-23.1203,-134.9692,78.89,75,0,16.2
36,Punta Arenas,CL,2021-01-20 01:11:44,-53.15,-70.9167,59.0,58,20,5.75
37,Araguaina,BR,2021-01-20 01:15:52,-7.1911,-48.2072,74.08,89,18,0.51
38,Atuona,PF,2021-01-20 01:15:53,-9.8,-139.0333,78.44,70,0,9.64
39,Jaragua,BR,2021-01-20 01:15:53,-15.7569,-49.3344,69.8,94,75,2.3
40,Alta Floresta,BR,2021-01-20 01:15:53,-9.8756,-56.0861,75.2,94,0,1.14
41,Mayor Pablo Lagerenza,PY,2021-01-20 01:15:53,-19.9309,-60.7718,68.72,82,0,2.8
42,Kruisfontein,ZA,2021-01-20 01:15:54,-34.0033,24.7314,66.99,79,2,1.01
43,Samarai,PG,2021-01-20 01:15:54,-10.6167,150.6667,86.95,71,0,14.05
44,Olafsvik,IS,2021-01-20 01:15:54,64.8945,-23.7142,32.0,93,63,37.2
45,Isangel,VU,2021-01-20 01:15:54,-19.55,169.2667,87.8,84,75,5.75
46,Butaritari,KI,2021-01-20 01:15:55,3.0707,172.7902,80.06,81,91,21.18
47,East London,ZA,2021-01-20 01:15:55,-33.0153,27.9116,70.02,73,53,15.32
48,Hilo,US,2021-01-20 01:15:18,19.7297,-155.09,78.8,65,90,11.5
49,Saint-Philippe,RE,2021-01-20 01:15:55,-21.3585,55.7679,78.8,78,0,3.44
50,Dunedin,NZ,2021-01-20 01:15:55,-45.8742,170.5036,58.86,54,100,14.14
51,Liverpool,GB,2021-01-20 01:14:43,53.4106,-2.9779,51.8,93,75,17.27
52,Severomuysk,RU,2021-01-20 01:15:56,56.1481,113.4267,-17.46,90,100,3.24
53,Jamestown,US,2021-01-20 01:15:56,42.097,-79.2353,28.0,86,90,9.22
54,Erzin,TR,2021-01-20 01:15:56,36.9559,36.2,41.0,60,86,11.01
55,Thompson,CA,2021-01-20 01:15:57,55.7435,-97.8558,-0.4,85,90,5.75
56,Ixtapa,MX,2021-01-20 01:15:57,20.7,-105.2,73.4,83,90,1.03
57,Ostrovnoy,RU,2021-01-20 01:15:57,68.0531,39.5131,14.72,95,100,24.14
58,Arraial Do Cabo,BR,2021-01-20 01:15:57,-22.9661,-42.0278,73.4,88,0,12.66
59,Carnarvon,AU,2021-01-20 01:15:57,-24.8667,113.6333,82.4,74,75,20.71
60,Raudeberg,NO,2021-01-20 01:15:58,61.9875,5.1352,33.01,73,0,7.81
61,Bethel,US,2021-01-20 01:15:58,41.3712,-73.414,33.01,74,1,3.44
62,Broken Hill,AU,2021-01-20 01:15:58,-31.95,141.4333,82.4,14,28,12.66
63,Puerto Ayora,EC,2021-01-20 01:15:58,-0.7393,-90.3518,75.0,95,19,4.0
64,Siavonga,ZM,2021-01-20 01:15:59,-16.5382,28.7088,72.99,90,100,6.4
65,Pinawa,CA,2021-01-20 01:15:59,50.1489,-95.8811,-6.25,91,76,6.98
66,Khasan,RU,2021-01-20 01:15:59,42.4308,130.6434,12.07,88,19,3.67
67,Bredasdorp,ZA,2021-01-20 01:15:59,-34.5322,20.0403,60.8,77,25,4.61
68,Bilara,IN,2021-01-20 01:16:00,26.1792,73.7056,54.79,53,0,6.33
69,Ilo,PE,2021-01-20 01:16:00,-17.6394,-71.3375,70.0,81,46,4.59
70,Sol-Iletsk,RU,2021-01-20 01:14:19,51.1631,54.9918,-5.94,91,56,6.91
71,Ovalle,CL,2021-01-20 01:16:00,-30.5983,-71.2003,62.06,66,0,3.02
72,Vestmanna,FO,2021-01-20 01:16:01,62.1564,-7.1664,35.6,87,40,12.66
73,Ryotsu,JP,2021-01-20 01:16:01,38.0833,138.4333,35.6,64,75,16.11
74,Kununurra,AU,2021-01-20 01:16:01,-15.7667,128.7333,84.2,84,100,9.22
75,Hambantota,LK,2021-01-20 01:16:02,6.1241,81.1185,73.4,100,1,2.3
76,Kaitangata,NZ,2021-01-20 01:16:02,-46.2817,169.8464,51.53,76,94,15.73
77,Challans,FR,2021-01-20 01:16:02,46.8436,-1.8749,48.99,93,0,10.36
78,Sinnamary,GF,2021-01-20 01:16:03,5.3833,-52.95,77.13,81,100,13.02
79,Skibbereen,IE,2021-01-20 01:16:03,51.55,-9.2667,50.0,100,75,16.11
80,Charters Towers,AU,2021-01-20 01:16:03,-20.1,146.2667,86.81,51,34,13.87
81,Hobart,AU,2021-01-20 01:12:06,-42.8794,147.3294,70.0,41,20,6.91
82,Sebinkarahisar,TR,2021-01-20 01:16:04,40.2883,38.4236,2.01,87,24,2.95
83,Mataura,NZ,2021-01-20 01:16:04,-46.1927,168.8643,51.01,86,100,11.01
84,Khatanga,RU,2021-01-20 01:16:05,71.9667,102.5,-25.55,86,100,1.7
85,Qui Nhon,VN,2021-01-20 01:15:18,13.7667,109.2333,68.16,79,100,8.19
86,Kodiak,US,2021-01-20 01:16:05,57.79,-152.4072,35.6,87,90,4.61
87,Tuktoyaktuk,CA,2021-01-20 01:16:05,69.4541,-133.0374,3.2,78,90,17.27
88,Cape Town,ZA,2021-01-20 01:14:35,-33.9258,18.4232,66.99,72,20,19.57
89,Tomatlan,MX,2021-01-20 01:16:06,19.9333,-105.25,71.02,84,100,2.59
90,Cherskiy,RU,2021-01-20 01:16:06,68.75,161.3,-42.72,80,100,6.53
91,Bluff,NZ,2021-01-20 01:16:06,-46.6,168.3333,51.01,86,100,11.01
92,Cidreira,BR,2021-01-20 01:16:07,-30.1811,-50.2056,72.37,71,1,13.09
93,Rio Grande,BR,2021-01-20 01:14:54,-32.035,-52.0986,69.01,81,0,10.71
94,Dudinka,RU,2021-01-20 01:16:07,69.4058,86.1778,-38.79,82,100,1.59
95,Pacific Grove,US,2021-01-20 01:16:07,36.6177,-121.9166,66.2,14,1,9.22
96,Kurumkan,RU,2021-01-20 01:16:07,54.3,110.3,-4.25,81,36,4.03
97,Port-Gentil,GA,2021-01-20 01:16:08,-0.7193,8.7815,80.65,74,100,6.82
98,Alofi,NU,2021-01-20 01:16:08,-19.0595,-169.9187,86.0,74,75,3.44
99,Phulji,PK,2021-01-20 01:16:08,26.8825,67.6807,51.49,43,0,3.33
100,Hermanus,ZA,2021-01-20 01:16:08,-34.4187,19.2345,57.99,89,55,12.15
101,Panama City,PA,2021-01-20 01:16:09,8.9936,-79.5197,82.4,74,90,9.22
102,Codrington,AU,2021-01-20 01:16:09,-38.2667,141.9667,66.33,44,0,8.84
103,Victoria,HK,2021-01-20 01:16:09,22.2855,114.1577,64.0,67,100,1.01
104,Mar Del Plata,AR,2021-01-20 01:16:09,-38.0023,-57.5575,68.0,88,0,8.05
105,Nesbyen,NO,2021-01-20 01:16:10,60.5681,9.1027,23.0,95,100,2.04
106,Fallon,US,2021-01-20 01:16:10,39.4735,-118.7774,39.2,30,1,4.61
107,Narsaq,GL,2021-01-20 01:16:10,60.9167,-46.05,39.2,33,20,33.38
108,Verkh-Usugli,RU,2021-01-20 01:16:10,52.7,115.1667,-4.65,89,30,3.04
109,Biak,ID,2021-01-20 01:16:10,-0.9131,122.8766,78.26,81,100,2.84
110,Kalmunai,LK,2021-01-20 01:16:11,7.4167,81.8167,74.43,93,30,10.47
111,Ondjiva,AO,2021-01-20 01:16:11,-17.0667,15.7333,69.46,80,100,0.69
112,Vila Franca Do Campo,PT,2021-01-20 01:16:11,37.7167,-25.4333,59.0,82,40,12.66
113,Guerrero Negro,MX,2021-01-20 01:16:11,27.9769,-114.0611,67.01,61,100,21.23
114,Bubaque,GW,2021-01-20 01:16:11,11.2833,-15.8333,78.93,61,75,8.46
115,Ancud,CL,2021-01-20 01:16:12,-41.8697,-73.8203,62.01,82,20,6.91
116,Fairbanks,US,2021-01-20 01:15:06,64.8378,-147.7164,19.4,79,90,4.61
117,Khorramshahr,IR,2021-01-20 01:16:12,30.4397,48.1664,50.0,87,0,2.3
118,Kuytun,RU,2021-01-20 01:16:12,54.3419,101.5036,0.79,94,100,5.37
119,Saldanha,ZA,2021-01-20 01:16:12,-33.0117,17.9442,62.6,77,0,9.22
120,Longyearbyen,SJ,2021-01-20 01:15:11,78.2186,15.6401,19.4,63,75,17.27
121,Vaini,TO,2021-01-20 01:16:13,-21.2,-175.2,89.6,62,40,8.05
122,Natal,BR,2021-01-20 01:12:52,-5.795,-35.2094,80.6,78,40,9.22
123,Avarua,CK,2021-01-20 01:16:13,-21.2078,-159.775,82.4,78,75,3.44
124,Gat,IL,2021-01-20 01:12:04,31.61,34.7642,51.01,100,100,5.99
125,Pangody,RU,2021-01-20 01:16:14,65.85,74.4859,-24.36,87,77,5.37
126,Orlovskiy,RU,2021-01-20 01:16:14,46.8714,42.0592,1.42,94,33,5.95
127,Entre Rios,BR,2021-01-20 01:16:14,-11.9419,-38.0844,69.84,96,100,3.67
128,Saint George,US,2021-01-20 01:15:56,37.1041,-113.5841,54.0,28,90,13.8
129,Nuuk,GL,2021-01-20 01:11:31,64.1835,-51.7216,39.2,52,90,24.16
130,Yate,GB,2021-01-20 01:16:15,51.5407,-2.4184,53.01,95,100,5.99
131,Phu Ly,VN,2021-01-20 01:13:19,20.5411,105.9139,60.08,75,48,0.43
132,Russell,US,2021-01-20 01:15:27,32.3502,-85.1999,57.2,57,75,2.46
133,New Norfolk,AU,2021-01-20 01:16:16,-42.7826,147.0587,71.01,33,0,1.99
134,Fort Myers Beach,US,2021-01-20 01:15:24,26.452,-81.9481,61.0,81,4,8.01
135,Ozernovskiy,RU,2021-01-20 01:16:17,51.5,156.5167,14.76,81,100,13.78
136,Pontes E Lacerda,BR,2021-01-20 01:16:17,-15.2261,-59.3353,67.89,90,100,1.05
137,Tazovskiy,RU,2021-01-20 01:16:17,67.4667,78.7,-28.5,85,0,6.06
138,Boa Vista,BR,2021-01-20 01:16:18,2.8197,-60.6733,82.4,61,0,6.91
139,Kaman,IN,2021-01-20 01:16:18,27.65,77.2667,51.55,66,0,6.58
140,Noumea,NC,2021-01-20 01:16:18,-22.2763,166.4572,82.0,89,75,4.61
141,Quelimane,MZ,2021-01-20 01:16:18,-17.8786,36.8883,82.0,89,20,2.3
142,Khani,GE,2021-01-20 01:16:18,41.9563,42.9566,30.2,100,75,6.91
143,Camopi,GF,2021-01-20 01:16:19,3.1655,-52.3158,70.92,97,100,2.82
144,Nome,US,2021-01-20 01:16:19,64.5011,-165.4064,-9.4,70,1,3.44
145,Iracoubo,GF,2021-01-20 01:16:19,5.4802,-53.2011,77.43,80,100,13.15
146,Hualmay,PE,2021-01-20 01:16:19,-11.0964,-77.6139,71.53,81,90,8.03
147,Lata,PT,2021-01-20 01:16:20,40.1629,-8.3327,55.0,93,100,11.99
148,Sao Gabriel Da Cachoeira,BR,2021-01-20 01:16:20,-0.1303,-67.0892,73.74,96,85,1.83
149,Beyneu,KZ,2021-01-20 01:16:20,45.3167,55.2,19.49,90,85,3.22
150,Verkhoyansk,RU,2021-01-20 01:16:00,67.5447,133.385,-31.5,81,100,1.03
151,Castro,BR,2021-01-20 01:16:20,-24.7911,-50.0119,63.81,97,100,7.81
152,Bengkulu,ID,2021-01-20 01:16:21,-3.8004,102.2655,78.33,77,84,6.06
153,Fonte Boa,BR,2021-01-20 01:13:08,-2.4959,-66.2662,72.52,97,100,4.88
154,Kshenskiy,RU,2021-01-20 01:16:21,51.8408,37.7136,-9.45,90,61,6.85
155,Marang,MY,2021-01-20 01:16:21,5.2056,103.2059,77.0,88,20,2.3
156,Saskylakh,RU,2021-01-20 01:16:21,71.9167,114.0833,-23.49,85,100,6.38
157,Mbulu,TZ,2021-01-20 01:16:22,-3.85,35.5333,58.39,95,100,3.76
158,Sur,OM,2021-01-20 01:16:22,22.5667,59.5289,68.13,55,0,3.04
159,Hithadhoo,MV,2021-01-20 01:16:22,-0.6,73.0833,80.87,70,0,10.89
160,Kavieng,PG,2021-01-20 01:16:23,-2.5744,150.7967,82.69,78,100,12.33
161,Santa Lucia,ES,2021-01-20 01:16:23,27.9117,-15.5407,57.99,82,0,4.61
162,Maple Creek,CA,2021-01-20 01:16:23,49.9168,-109.4848,39.2,52,100,20.71
163,Chokurdakh,RU,2021-01-20 01:16:23,70.6333,147.9167,-34.15,84,99,1.88
164,Mareeba,AU,2021-01-20 01:16:23,-17.0,145.4333,80.01,89,75,11.5
165,Shelburne,CA,2021-01-20 01:16:24,44.0787,-80.2041,26.01,88,59,10.85
166,Pevek,RU,2021-01-20 01:16:24,69.7008,170.3133,-29.47,85,100,7.27
167,Gelgaudiskis,LT,2021-01-20 01:16:24,55.0792,22.9758,12.42,95,100,13.2
168,Port Hardy,CA,2021-01-20 01:16:24,50.6996,-127.4199,42.8,100,75,2.3
169,Iwanai,JP,2021-01-20 01:16:25,42.9744,140.5089,19.29,92,100,16.17
170,Dikson,RU,2021-01-20 01:16:25,73.5069,80.5464,-20.54,89,100,8.3
171,Barrow,US,2021-01-20 01:15:05,71.2906,-156.7887,-2.2,78,90,19.57
172,Qaanaaq,GL,2021-01-20 01:16:25,77.484,-69.3632,4.91,74,100,6.06
173,Kerema,PG,2021-01-20 01:16:25,-7.9631,145.7785,86.85,66,100,5.95
174,Yarim,YE,2021-01-20 01:16:26,14.298,44.3779,43.83,48,29,1.95
175,Sakakah,SA,2021-01-20 01:16:26,29.9697,40.2064,46.4,53,0,4.61
176,Saint Anthony,US,2021-01-20 01:16:26,45.0205,-93.218,10.4,66,1,4.61
177,Bawku,GH,2021-01-20 01:16:26,11.0616,-0.2417,73.13,20,0,9.89
178,Maholi,IN,2021-01-20 01:16:27,27.6667,80.4667,51.85,76,0,8.3
179,Kahului,US,2021-01-20 01:16:27,20.8947,-156.47,80.6,57,40,14.97
180,Balykshi,KZ,2021-01-20 01:16:27,47.0667,51.8667,3.2,85,0,2.24
181,Tobol,KZ,2021-01-20 01:16:27,52.6844,62.5794,7.59,95,100,2.93
182,Puksoozero,RU,2021-01-20 01:16:27,62.5903,40.6066,10.17,96,95,6.13
183,Nanning,CN,2021-01-20 01:16:28,22.8167,108.3167,55.4,82,53,6.71
184,Barwadih,IN,2021-01-20 01:16:28,23.8333,84.1167,54.63,69,0,2.84
185,Vanderhoof,CA,2021-01-20 01:16:28,54.0166,-124.0198,32.36,92,0,9.15
186,Abha,SA,2021-01-20 01:16:28,18.2164,42.5053,53.6,87,0,6.91
187,Lebu,CL,2021-01-20 01:16:28,-37.6167,-73.65,60.37,78,0,20.2
188,Grindavik,IS,2021-01-20 01:16:29,63.8424,-22.4338,32.0,74,75,20.71
189,Hobyo,SO,2021-01-20 01:16:29,5.3505,48.5268,76.89,80,77,17.92
190,Kangaatsiaq,GL,2021-01-20 01:16:29,68.3065,-53.4641,20.61,85,100,7.92
191,Kupang,ID,2021-01-20 01:16:29,-10.1667,123.5833,82.4,89,75,12.66
192,Whitehorse,CA,2021-01-20 01:15:03,60.7161,-135.0538,30.2,59,75,5.75
193,Lakatoro,VU,2021-01-20 01:16:30,-16.0999,167.4164,86.09,68,100,4.97
194,Yellowknife,CA,2021-01-20 01:16:30,62.456,-114.3525,14.0,92,90,6.91
195,Tiksi,RU,2021-01-20 01:16:30,71.6872,128.8694,-26.43,80,100,3.47
196,Coquimbo,CL,2021-01-20 01:13:37,-29.9533,-71.3436,60.8,82,0,9.22
197,Acapulco,MX,2021-01-20 01:16:31,16.8634,-99.8901,80.6,78,75,8.05
198,Vardo,NO,2021-01-20 01:16:31,70.3705,31.1107,23.79,89,100,17.34
199,Opunake,NZ,2021-01-20 01:16:31,-39.4556,173.8583,59.0,67,96,13.0
200,Brae,GB,2021-01-20 01:16:31,60.3964,-1.353,39.2,81,40,5.75
201,Tasiilaq,GL,2021-01-20 01:16:32,65.6145,-37.6368,10.4,67,100,2.3
202,Komsomolskiy,UZ,2021-01-20 01:16:32,40.4272,71.7189,42.8,65,29,4.61
203,Ahipara,NZ,2021-01-20 01:16:32,-35.1667,173.1667,64.42,69,73,14.34
204,Yulara,AU,2021-01-20 01:16:32,-25.2406,130.9889,91.4,10,0,18.41
205,Mahebourg,MU,2021-01-20 01:16:13,-20.4081,57.7,77.0,94,20,5.75
206,Martapura,ID,2021-01-20 01:16:33,-3.4167,114.85,82.4,89,40,5.75
207,Baruun-Urt,MN,2021-01-20 01:16:33,46.6806,113.2792,3.78,90,0,15.77
208,Mana,GF,2021-01-20 01:16:33,5.6592,-53.7767,76.75,81,100,11.83
209,Newport,GB,2021-01-20 01:11:49,51.5877,-2.9984,54.0,99,100,5.01
210,Havoysund,NO,2021-01-20 01:16:34,70.9963,24.6622,17.6,62,0,6.91
211,Touros,BR,2021-01-20 01:16:34,-5.1989,-35.4608,78.8,83,40,6.91
212,Talnakh,RU,2021-01-20 01:16:34,69.4865,88.3972,-25.8,84,100,0.43
213,Atlantic City,US,2021-01-20 01:16:13,39.3643,-74.4229,39.99,60,1,3.44
214,Ayagoz,KZ,2021-01-20 01:16:34,47.9714,80.4392,20.48,97,97,7.72
215,Tautira,PF,2021-01-20 01:16:35,-17.7333,-149.15,86.0,62,20,6.91
216,Debre Birhan,ET,2021-01-20 01:16:35,9.6833,39.5333,44.74,77,87,4.34
217,Te Anau,NZ,2021-01-20 01:16:35,-45.4167,167.7167,47.41,86,100,8.21
218,Sitka,US,2021-01-20 01:16:35,57.0531,-135.33,39.2,75,75,9.22
219,Khor,RU,2021-01-20 01:16:36,47.8861,134.9464,-9.62,84,0,6.31
220,Margate,GB,2021-01-20 01:16:36,51.3813,1.3862,48.99,84,100,8.01
221,Deputatskiy,RU,2021-01-20 01:16:36,69.3,139.9,-36.44,85,75,1.03
222,Concordia,AR,2021-01-20 01:16:36,-31.393,-58.0209,78.01,49,0,10.02
223,Nantucket,US,2021-01-20 01:16:37,41.2835,-70.0995,35.6,80,90,10.36
224,Ciudad Bolivar,VE,2021-01-20 01:16:37,8.1222,-63.5497,78.39,70,100,13.38
225,Peniche,PT,2021-01-20 01:16:37,39.3558,-9.3811,55.99,90,100,15.99
226,Melton,AU,2021-01-20 01:16:27,-37.6833,144.5833,73.0,42,0,5.5
227,Walvis Bay,NA,2021-01-20 01:16:38,-22.9575,14.5053,66.0,88,9,6.91
228,Bijar,IR,2021-01-20 01:16:38,35.8668,47.6051,29.03,88,0,11.01
229,Tawang,IN,2021-01-20 01:16:38,27.5833,91.8667,28.06,91,62,2.71
230,Qasigiannguit,GL,2021-01-20 01:16:38,68.8193,-51.1922,30.2,55,100,5.75
231,Usinsk,RU,2021-01-20 01:16:39,65.9939,57.5281,-3.46,92,100,9.31
232,Zhezkazgan,KZ,2021-01-20 01:16:39,47.8043,67.7144,21.2,93,90,8.95
233,Saint-Jean-De-Maurienne,FR,2021-01-20 01:16:39,45.1667,6.5833,33.01,62,71,1.01
234,Port Macquarie,AU,2021-01-20 01:16:39,-31.4333,152.9167,75.0,56,75,8.05
235,Aklavik,CA,2021-01-20 01:16:39,68.2191,-135.0107,3.2,85,90,10.36
236,Paracuru,BR,2021-01-20 01:16:40,-3.41,-39.0306,81.0,77,100,13.0
237,Manitouwadge,CA,2021-01-20 01:16:40,49.1215,-85.8403,-2.2,71,95,3.44
238,Powell,US,2021-01-20 01:16:40,40.1578,-83.0752,35.6,64,90,6.91
239,Matamoros,MX,2021-01-20 01:16:40,25.5333,-103.25,75.2,27,90,5.35
240,Doha,QA,2021-01-20 01:13:30,25.2867,51.5333,64.4,72,0,6.91
241,Apodi,BR,2021-01-20 01:16:41,-5.6642,-37.7989,80.89,64,100,13.67
242,Lagoa,PT,2021-01-20 01:16:41,39.05,-27.9833,59.74,79,100,23.22
243,Gobabis,NA,2021-01-20 01:16:41,-22.45,18.9667,70.25,70,94,7.7
244,San Cristobal,VE,2021-01-20 01:16:42,7.7669,-72.225,80.6,69,40,2.3
245,Kanniyakumari,IN,2021-01-20 01:16:42,8.0833,77.5667,76.01,74,34,12.1
246,Kathu,TH,2021-01-20 01:16:42,7.9178,98.3332,82.0,78,20,8.05
247,Hami,CN,2021-01-20 01:16:42,42.8,93.45,16.2,76,100,2.04
248,San Rafael,AR,2021-01-20 01:14:10,-34.6177,-68.3301,82.26,20,0,10.45
249,Narrabri,AU,2021-01-20 01:16:43,-30.3167,149.7833,84.2,16,0,8.05
250,Wanning,CN,2021-01-20 01:16:43,18.8003,110.3967,65.55,89,91,7.83
251,Miri,MY,2021-01-20 01:13:17,4.4148,114.0089,77.0,94,40,4.61
252,Chabahar,IR,2021-01-20 01:16:43,25.2919,60.643,67.23,80,0,7.56
253,San Patricio,US,2021-01-20 01:16:44,28.017,-97.5169,71.6,78,40,13.8
254,Bairiki,KI,2021-01-20 01:16:44,1.3292,172.9752,78.8,89,75,14.97
255,Puerto Ayacucho,VE,2021-01-20 01:16:44,5.6639,-67.6236,80.29,63,84,9.08
256,Urusha,RU,2021-01-20 01:16:44,54.05,122.9,-21.59,86,100,4.29
257,Los Llanos De Aridane,ES,2021-01-20 01:16:44,28.6585,-17.9182,60.8,72,75,6.91
258,Cayenne,GF,2021-01-20 01:12:09,4.9333,-52.3333,77.0,88,20,5.75
259,Camana,PE,2021-01-20 01:16:45,-16.6228,-72.7111,71.98,76,1,7.2
260,Rocha,UY,2021-01-20 01:16:45,-34.4833,-54.3333,64.96,70,0,4.74
261,Nurota,UZ,2021-01-20 01:16:45,40.5614,65.6886,37.4,75,100,9.22
262,Marzuq,YE,2021-01-20 01:16:46,14.4,46.4667,54.82,45,14,2.04
263,Zonguldak,TR,2021-01-20 01:12:10,41.25,31.8333,21.22,99,100,4.76
264,Faanui,PF,2021-01-20 01:16:46,-16.4833,-151.75,81.55,75,68,14.67
265,Karasjok,NO,2021-01-20 01:16:46,69.4719,25.5112,-5.8,84,4,4.61
266,Kargasok,RU,2021-01-20 01:16:47,59.0556,80.8572,-30.77,84,0,6.2
267,Nioro,GM,2021-01-20 01:16:47,13.35,-15.75,74.34,17,100,8.68
268,Shenjiamen,CN,2021-01-20 01:16:47,29.9576,122.298,52.66,79,53,11.68
269,Yilan,TW,2021-01-20 01:16:48,24.757,121.753,68.0,20,99,1.39
270,Ust-Kulom,RU,2021-01-20 01:16:48,61.6864,53.6902,-7.02,91,98,4.14
271,Chimoio,MZ,2021-01-20 01:16:48,-19.1164,33.4833,71.6,100,75,2.3
272,Oranjemund,NA,2021-01-20 01:16:48,-28.55,16.4333,64.67,77,0,19.28
273,Sistranda,NO,2021-01-20 01:16:48,63.7256,8.834,32.0,74,0,13.8
274,Thunder Bay,CA,2021-01-20 01:15:03,48.4001,-89.3168,-0.4,71,75,5.75
275,Belmonte,BR,2021-01-20 01:16:49,-15.8631,-38.8828,78.8,69,40,5.75
276,Ninghai,CN,2021-01-20 01:13:08,29.2892,121.4247,51.01,81,40,2.24
277,Dekar,BW,2021-01-20 01:16:49,-21.5333,21.9333,70.02,71,74,7.76
278,Lavrentiya,RU,2021-01-20 01:16:49,65.5833,-171.0,-14.49,83,14,3.44
279,Baijiantan,CN,2021-01-20 01:16:50,45.6333,85.1833,6.44,90,99,3.58
280,Airai,TL,2021-01-20 01:16:50,-8.9266,125.4092,70.3,92,82,3.04
281,Melioratorov,RU,2021-01-20 01:16:50,57.2107,65.6077,-2.2,78,0,6.71
282,Mangai,CD,2021-01-20 01:16:50,-4.05,19.5333,70.25,88,91,0.63
283,Salalah,OM,2021-01-20 01:16:50,17.0151,54.0924,68.0,37,0,2.3
284,Kieta,PG,2021-01-20 01:16:50,-6.2167,155.6333,85.24,65,100,4.74
285,San Policarpo,PH,2021-01-20 01:16:51,12.1791,125.5072,82.54,78,100,16.69
286,Clyde River,CA,2021-01-20 01:16:51,70.4692,-68.5914,3.2,92,90,12.66
287,Altea,ES,2021-01-20 01:16:51,38.5989,-0.0514,52.0,75,90,3.0
288,Atar,MR,2021-01-20 01:16:51,20.5169,-13.0499,59.54,27,100,12.28
289,Grand Gaube,MU,2021-01-20 01:16:52,-20.0064,57.6608,79.0,89,1,7.94
290,Kaifeng,CN,2021-01-20 01:16:52,34.7911,114.3483,28.4,69,13,6.71
291,Dhidhdhoo,MV,2021-01-20 01:16:52,6.8833,73.1,81.03,67,4,4.97
292,Kavaratti,IN,2021-01-20 01:16:52,10.5669,72.642,81.48,72,0,5.26
293,Beringovskiy,RU,2021-01-20 01:16:53,63.05,179.3167,-10.48,91,100,16.22
294,Nanortalik,GL,2021-01-20 01:16:53,60.1432,-45.2371,24.89,86,77,13.24
295,Newark,US,2021-01-20 01:14:22,40.7357,-74.1724,39.0,64,20,3.44
296,Mahuta,TZ,2021-01-20 01:16:54,-10.8667,39.45,69.89,100,100,2.48
297,Voi,KE,2021-01-20 01:16:09,-3.3945,38.563,70.63,75,100,2.21
298,Nouadhibou,MR,2021-01-20 01:16:55,20.931,-17.0347,60.8,72,100,17.27
299,Namanga,KE,2021-01-20 01:16:55,-2.5433,36.7905,64.63,65,92,4.03
300,Ribeira Grande,PT,2021-01-20 01:16:55,38.5167,-28.7,61.02,77,100,17.49
301,Srednekolymsk,RU,2021-01-20 01:16:56,67.45,153.6833,-43.89,79,41,3.38
302,Anadyr,RU,2021-01-20 01:16:56,64.75,177.4833,-27.4,68,100,6.71
303,Palora,EC,2021-01-20 01:16:56,-1.7,-77.9333,66.9,93,100,2.46
304,Vysokogornyy,RU,2021-01-20 01:16:56,50.1167,139.15,-17.61,84,69,5.35
305,Smithers,CA,2021-01-20 01:16:57,54.7804,-127.1743,33.8,55,40,8.05
306,Coos Bay,US,2021-01-20 01:16:57,43.3665,-124.2179,51.8,50,1,8.05
307,Bahir Dar,ET,2021-01-20 01:16:57,11.5936,37.3908,58.93,47,51,4.59
308,Puerto Madryn,AR,2021-01-20 01:16:58,-42.7692,-65.0385,71.67,55,1,17.02
309,Henderson,US,2021-01-20 01:16:08,36.0397,-114.9819,55.4,33,75,24.16
310,Mednogorsk,RU,2021-01-20 01:16:58,51.4128,57.595,1.56,94,100,7.34
311,Nyuksenitsa,RU,2021-01-20 01:16:59,60.4128,44.2397,5.86,95,92,4.56
312,Pisco,PE,2021-01-20 01:16:59,-13.7,-76.2167,69.8,83,0,19.57
313,Cabo San Lucas,MX,2021-01-20 01:16:59,22.8909,-109.9124,69.8,64,90,5.75
314,Nytva,RU,2021-01-20 01:16:59,57.9404,55.334,10.4,85,75,6.71
315,Buala,SB,2021-01-20 01:17:00,-8.145,159.5921,86.5,64,100,4.27
316,Paamiut,GL,2021-01-20 01:17:00,61.994,-49.6678,30.43,89,100,7.7
317,Maloy,NO,2021-01-20 01:17:00,61.9353,5.1136,37.4,60,0,9.22
318,Luderitz,NA,2021-01-20 01:17:00,-26.6481,15.1594,68.54,69,0,24.23
319,Sao Marcos,BR,2021-01-20 01:17:01,-28.9711,-51.0681,64.99,80,100,5.01
320,Balkhash,KZ,2021-01-20 01:17:01,46.844,74.9804,10.4,92,0,2.24
321,Muret,FR,2021-01-20 01:17:01,43.3333,1.25,44.01,81,0,18.41
322,Aykhal,RU,2021-01-20 01:17:02,66.0,111.5,-52.96,70,100,3.31
323,Kaeo,NZ,2021-01-20 01:17:02,-35.1,173.7833,73.99,53,14,5.99
324,Gorodishche,RU,2021-01-20 01:13:27,48.8045,44.4744,-2.0,84,0,6.71
325,Esna,EG,2021-01-20 01:17:02,25.2934,32.554,51.8,71,0,3.44
326,Tucupita,VE,2021-01-20 01:16:09,9.0622,-62.051,71.46,97,97,3.13
327,Novobiryusinskiy,RU,2021-01-20 01:17:03,56.9578,97.7076,-5.49,89,100,10.04
328,Pochutla,MX,2021-01-20 01:17:03,15.7432,-96.4661,84.2,48,75,5.75
329,Rozkishne,UA,2021-01-20 01:17:03,48.5074,39.3004,-1.41,92,65,5.99
330,Belaya Gora,RU,2021-01-20 01:17:03,68.5333,146.4167,-44.0,81,23,1.5
331,Luau,AO,2021-01-20 01:17:04,-10.7073,22.2247,65.21,97,100,2.98
332,Alexandria,EG,2021-01-20 01:14:54,31.2156,29.9553,55.4,62,40,13.8
333,Banikoara,BJ,2021-01-20 01:17:04,11.2985,2.4386,70.88,22,0,7.23
334,High Level,CA,2021-01-20 01:17:04,58.5169,-117.136,37.4,65,90,12.66
335,Keuruu,FI,2021-01-20 01:17:04,62.2667,24.7,28.99,100,90,4.61
336,Hasaki,JP,2021-01-20 01:17:05,35.7333,140.8333,41.0,38,20,2.3
337,Brigantine,US,2021-01-20 01:17:05,39.4101,-74.3646,39.99,60,1,3.44
338,Bezhetsk,RU,2021-01-20 01:17:05,57.7851,36.6965,5.7,95,91,6.29
339,Maarianhamina,AX,2021-01-20 01:17:05,60.0973,19.9348,32.0,74,20,13.8
340,Lorengau,PG,2021-01-20 01:17:06,-2.0226,147.2712,84.87,69,100,7.9
341,Kilindoni,TZ,2021-01-20 01:17:06,-7.9139,39.6668,81.86,76,100,13.71
342,Grand-Lahou,CI,2021-01-20 01:17:06,5.1367,-5.0242,78.67,88,0,7.27
343,Elko,US,2021-01-20 01:15:03,41.0002,-115.5012,37.4,32,1,8.05
344,Ostersund,SE,2021-01-20 01:17:06,63.1792,14.6357,10.0,85,90,4.05
345,Torbay,CA,2021-01-20 01:17:07,47.6666,-52.7314,32.0,93,90,20.71
346,Tezu,IN,2021-01-20 01:17:07,27.9167,96.1667,58.57,66,99,1.36
347,Lasa,IT,2021-01-20 01:17:07,46.6166,10.7002,27.0,86,0,3.44
348,Tateyama,JP,2021-01-20 01:17:07,34.9833,139.8667,44.6,49,75,14.97
349,Ilulissat,GL,2021-01-20 01:17:07,69.2167,-51.1,30.2,55,100,5.75
350,Pitimbu,BR,2021-01-20 01:17:08,-7.4706,-34.8086,78.8,83,40,6.91
351,Norman Wells,CA,2021-01-20 01:17:08,65.282,-126.8329,10.4,85,90,20.71
352,Beian,NO,2021-01-20 01:17:08,63.6559,9.5683,32.0,74,0,13.8
353,West Plains,US,2021-01-20 01:17:08,36.7281,-91.8524,41.0,60,40,8.05
354,Merauke,ID,2021-01-20 01:17:09,-8.4667,140.3333,85.53,68,100,3.47
355,Epiniana,GR,2021-01-20 01:17:09,39.1429,21.6134,19.0,82,0,2.64
356,Padang,ID,2021-01-20 01:17:09,-0.9492,100.3543,78.8,78,20,2.3
357,Gigmoto,PH,2021-01-20 01:17:09,13.7796,124.39,80.4,84,100,10.02
358,Poum,NC,2021-01-20 01:17:10,-20.2333,164.0167,80.56,75,100,5.39
359,Neiafu,TO,2021-01-20 01:17:10,-18.65,-173.9833,86.0,79,40,6.91
360,Fortuna,US,2021-01-20 01:17:10,40.5982,-124.1573,55.4,35,1,4.65
361,Alenquer,BR,2021-01-20 01:17:10,-1.9417,-54.7383,77.0,94,0,2.3
362,Krasnaya Gorka,RU,2021-01-20 01:17:10,55.1962,56.6673,7.43,95,100,5.68
363,Athenree,NZ,2021-01-20 01:17:11,-37.4667,175.9167,63.0,76,100,3.0
364,Banjar,ID,2021-01-20 01:17:11,-8.19,114.9675,82.4,83,75,1.14
365,Hailey,US,2021-01-20 01:17:11,43.5196,-114.3153,26.6,50,1,2.98
366,Udachnyy,RU,2021-01-20 01:17:12,66.4167,112.4,-54.9,62,100,1.43
367,Baker City,US,2021-01-20 01:17:12,44.7749,-117.8344,33.8,60,1,3.44
368,Port Blair,IN,2021-01-20 01:15:30,11.6667,92.75,77.86,70,83,8.14
369,Broome,US,2021-01-20 01:17:12,42.2506,-75.833,32.0,64,90,12.66
370,Tura,IN,2021-01-20 01:15:11,25.5198,90.2201,56.89,67,3,4.61
371,Indiaroba,BR,2021-01-20 01:17:13,-11.5192,-37.5117,75.07,87,96,5.26
372,Sao Filipe,CV,2021-01-20 01:17:13,14.8961,-24.4956,72.68,66,99,11.27
373,Upington,ZA,2021-01-20 01:17:13,-28.4478,21.2561,75.2,57,29,2.3
374,Esperance,AU,2021-01-20 01:17:14,-33.8667,121.9,82.4,34,40,16.11
375,Seminole,US,2021-01-20 01:17:14,28.7086,-81.2081,57.99,67,1,3.44
376,Meulaboh,ID,2021-01-20 01:17:14,4.1363,96.1285,76.44,86,100,4.03
377,Planaltina,BR,2021-01-20 01:15:16,-15.4528,-47.6142,71.6,64,0,3.44
378,Idritsa,RU,2021-01-20 01:17:15,56.3316,28.8988,5.74,95,0,4.76
379,Zhigansk,RU,2021-01-20 01:17:15,66.7697,123.3711,-51.72,75,87,6.89
380,Chake Chake,TZ,2021-01-20 01:17:15,-5.2459,39.7666,76.82,83,100,6.87
381,Geraldton,AU,2021-01-20 01:13:53,-28.7667,114.6,78.8,61,90,11.5
382,Acajutla,SV,2021-01-20 01:17:16,13.5928,-89.8275,80.6,54,20,6.91
383,Veraval,IN,2021-01-20 01:16:12,20.9,70.3667,66.81,38,0,8.03
384,Pullman,US,2021-01-20 01:17:16,46.7313,-117.1796,32.0,80,1,9.22
385,Luanda,AO,2021-01-20 01:12:19,-8.8368,13.2343,75.2,88,40,5.75
386,Vallenar,CL,2021-01-20 01:17:16,-28.5708,-70.7581,64.11,53,0,1.83
387,Uarini,BR,2021-01-20 01:17:17,-2.99,-65.1083,75.2,100,90,2.3
388,Namibe,AO,2021-01-20 01:17:17,-15.1961,12.1522,72.34,73,100,3.83
389,Marsh Harbour,BS,2021-01-20 01:15:12,26.5412,-77.0636,69.1,60,21,13.42
390,Souillac,MU,2021-01-20 01:17:18,-20.5167,57.5167,77.0,94,20,5.75
391,Winsum,NL,2021-01-20 01:17:18,53.33,6.5208,46.0,93,100,7.0
392,Osmena,PH,2021-01-20 01:17:18,10.5208,119.9258,80.19,83,100,13.27
393,Fort Frances,CA,2021-01-20 01:17:18,48.5999,-93.4003,1.4,78,90,3.44
394,Bedesa,ET,2021-01-20 01:17:19,8.9,40.7833,61.43,47,97,5.5
395,Taksimo,RU,2021-01-20 01:17:19,56.3444,114.8794,-18.33,83,100,0.45
396,Fort Nelson,CA,2021-01-20 01:15:03,58.8053,-122.7002,39.2,38,40,20.71
397,Lucea,JM,2021-01-20 01:17:19,18.451,-78.1736,79.0,78,40,5.75
398,Pilar,BR,2021-01-20 01:17:19,-9.5972,-35.9567,75.2,94,20,1.14
399,Portland,US,2021-01-20 01:13:35,45.5234,-122.6762,48.2,57,75,1.05
400,Tuatapere,NZ,2021-01-20 01:17:20,-46.1333,167.6833,51.01,86,100,11.01
401,Indiana,US,2021-01-20 01:17:20,40.0003,-86.2503,37.4,69,90,9.22
402,Venado Tuerto,AR,2021-01-20 01:17:20,-33.7456,-61.9688,76.62,26,52,7.18
403,Freeport,US,2021-01-20 01:16:21,40.6576,-73.5832,37.4,60,1,6.91
404,Henties Bay,NA,2021-01-20 01:17:21,-22.116,14.2845,66.0,88,17,7.78
405,Umm Lajj,SA,2021-01-20 01:17:21,25.0213,37.2685,65.28,54,0,10.02
406,Sao Paulo De Olivenca,BR,2021-01-20 01:17:21,-3.3783,-68.8725,71.85,99,100,2.66
407,Malindi,KE,2021-01-20 01:17:21,-3.2175,40.1191,75.96,84,100,7.87
408,Lebanon,US,2021-01-20 01:17:22,36.2081,-86.2911,45.0,61,20,5.68
409,Hailun,CN,2021-01-20 01:17:22,47.45,126.9333,-6.07,90,100,12.77
410,Rio Cuarto,AR,2021-01-20 01:17:22,-33.1307,-64.3499,71.6,60,0,11.5
411,Greenville,US,2021-01-20 01:15:21,35.6127,-77.3663,48.99,57,1,4.61
412,Vuktyl,RU,2021-01-20 01:17:22,63.8567,57.3094,-1.19,92,100,9.01
413,Nabire,ID,2021-01-20 01:17:23,-3.3667,135.4833,85.77,62,100,2.86
414,Ahuimanu,US,2021-01-20 01:17:23,21.4447,-157.8378,80.6,65,75,13.8
415,Cayhagan,PH,2021-01-20 01:17:23,9.6697,122.4256,81.05,74,0,3.53
416,Huangcun,CN,2021-01-20 01:17:23,30.0145,118.4037,42.01,61,0,2.3
417,Machali,CL,2021-01-20 01:17:23,-34.1833,-70.6667,67.5,49,100,2.89
418,Resplendor,BR,2021-01-20 01:17:24,-19.3256,-41.2553,71.11,82,0,1.45
419,Bani Walid,LY,2021-01-20 01:17:24,31.7566,13.9942,45.95,71,64,4.23
420,Jardim,BR,2021-01-20 01:17:24,-21.4803,-56.1381,71.58,97,100,3.44
421,Flin Flon,CA,2021-01-20 01:17:24,54.7682,-101.865,8.6,85,90,10.36
422,Caravelas,BR,2021-01-20 01:17:24,-17.7125,-39.2481,75.2,83,0,5.3
423,Pemba,MZ,2021-01-20 01:17:25,-12.974,40.5178,78.8,94,40,3.44
424,The Valley,AI,2021-01-20 01:17:25,18.217,-63.0578,78.8,73,40,6.91
425,Rio Gallegos,AR,2021-01-20 01:17:26,-51.6226,-69.2181,59.0,58,20,32.21
426,Chifeng,CN,2021-01-20 01:17:26,42.2683,118.9636,11.44,91,17,5.37
427,Vaxjo,SE,2021-01-20 01:17:26,56.8777,14.8091,33.8,100,90,4.61
428,Agadir,MA,2021-01-20 01:17:26,30.4202,-9.5982,46.4,100,0,4.61
429,Okha,RU,2021-01-20 01:17:26,53.5739,142.9478,-11.6,83,98,24.87
430,Alekseyevsk,RU,2021-01-20 01:17:27,57.8406,108.3492,-5.48,90,100,1.07
431,Grand Baie,MU,2021-01-20 01:17:27,-20.0182,57.5802,79.0,89,8,8.16
432,Smoky Lake,CA,2021-01-20 01:17:27,54.1169,-112.4686,39.2,56,100,5.75
433,Tagusao,PH,2021-01-20 01:17:27,9.1924,117.8141,80.76,76,92,1.9
434,La Romana,DO,2021-01-20 01:13:48,18.4273,-68.9728,73.4,94,75,11.5
435,Iqaluit,CA,2021-01-20 01:17:28,63.7506,-68.5145,28.4,93,90,4.61
436,Haines Junction,CA,2021-01-20 01:17:28,60.7522,-137.5108,23.0,93,100,2.3
437,Calama,CL,2021-01-20 01:17:28,-22.4667,-68.9333,60.8,16,0,17.27
438,Filadelfia,US,2021-01-20 01:17:16,39.9523,-75.1638,41.0,60,1,5.75
439,Korla,CN,2021-01-20 01:17:28,41.7597,86.1469,17.04,86,71,2.15
440,Champerico,GT,2021-01-20 01:17:29,14.3,-91.9167,84.2,65,0,4.61
441,Itatskiy,RU,2021-01-20 01:17:29,56.07,89.0369,-20.51,87,100,6.11
442,Locri,IT,2021-01-20 01:17:29,38.2414,16.2623,50.0,61,0,3.44
443,Oskarshamn,SE,2021-01-20 01:17:29,57.2645,16.4484,35.01,96,100,1.01
444,Albacete,ES,2021-01-20 01:13:12,38.8333,-2.0,28.4,93,0,3.44
445,Aguilas,ES,2021-01-20 01:13:10,37.4063,-1.5829,45.0,91,0,3.62
446,Muravlenko,RU,2021-01-20 01:17:30,63.7898,74.523,-24.56,86,94,8.01
447,Tanabe,JP,2021-01-20 01:17:30,33.7333,135.3667,41.0,52,20,5.75
448,La Ronge,CA,2021-01-20 01:17:30,55.1001,-105.2842,26.6,80,100,9.22
449,Barcelos,PT,2021-01-20 01:15:12,41.5388,-8.6151,51.8,87,75,26.46
450,Banda Aceh,ID,2021-01-20 01:16:35,5.5577,95.3222,77.99,81,26,11.83
451,Byron Bay,AU,2021-01-20 01:17:31,-28.65,153.6167,73.4,68,90,13.8
452,Husavik,IS,2021-01-20 01:17:31,66.0449,-17.3389,30.2,93,90,14.97
453,La Ceiba,HN,2021-01-20 01:17:31,15.7597,-86.7822,78.8,83,20,13.8
454,Derzhavinsk,KZ,2021-01-20 01:17:32,51.1,66.3167,16.54,97,100,7.67
455,Xichang,CN,2021-01-20 01:17:32,27.8964,102.2634,51.01,57,100,1.5
456,Pangnirtung,CA,2021-01-20 01:17:32,66.1451,-65.7125,24.98,87,100,20.27
457,Tananger,NO,2021-01-20 01:17:32,58.9333,5.6,37.99,86,0,10.58
458,Seoul,KR,2021-01-20 01:14:43,37.5683,126.9778,21.2,63,0,3.44
459,Asau,RO,2021-01-20 01:17:33,46.4333,26.4,19.99,100,100,3.44
460,Mayo,US,2021-01-20 01:17:33,38.8876,-76.5119,39.99,68,3,5.57
461,Oussouye,SN,2021-01-20 01:17:33,12.485,-16.5469,71.6,73,0,9.22
462,Severo-Kurilsk,RU,2021-01-20 01:17:33,50.6789,156.125,13.55,86,97,17.52
463,Tortoli,IT,2021-01-20 01:17:34,39.9256,9.6572,45.0,65,0,10.36
464,Imeni Poliny Osipenko,RU,2021-01-20 01:17:34,52.4201,136.4853,-18.8,85,0,9.4
465,Oistins,BB,2021-01-20 01:15:51,13.0667,-59.5333,78.8,69,20,19.57
466,Parana,AR,2021-01-20 01:17:34,-31.732,-60.5238,75.99,54,0,1.01
467,Egvekinot,RU,2021-01-20 01:17:34,66.3167,-179.1667,-22.72,85,0,3.15
468,Sabzevar,IR,2021-01-20 01:17:35,36.2126,57.6819,42.03,60,0,5.59
469,Eirunepe,BR,2021-01-20 01:17:35,-6.6603,-69.8736,73.09,98,100,3.31
470,Rock Sound,BS,2021-01-20 01:17:35,24.9,-76.2,71.49,71,0,18.75
471,Tamorong,PH,2021-01-20 01:17:35,17.3333,120.4333,81.0,64,100,2.39
472,Bandarbeyla,SO,2021-01-20 01:17:35,9.4942,50.8122,73.67,75,100,18.9
473,Araouane,ML,2021-01-20 01:17:36,18.9048,-3.5265,67.3,24,0,9.69
474,Santa Barbara,US,2021-01-20 01:15:41,34.7333,-120.0343,64.4,17,1,6.91
475,Khairagarh,IN,2021-01-20 01:17:36,26.95,77.8167,51.44,74,0,5.28
476,Itarema,BR,2021-01-20 01:17:37,-2.9248,-39.9167,80.15,76,100,11.92
477,Richards Bay,ZA,2021-01-20 01:17:37,-28.783,32.0377,71.06,82,92,6.87
478,Kalabo,ZM,2021-01-20 01:17:37,-14.97,22.6814,67.44,94,100,5.01
479,Kolno,PL,2021-01-20 01:17:37,53.4115,21.9291,21.2,93,90,4.61
480,Biankouma,CI,2021-01-20 01:17:38,7.7391,-7.6138,71.37,27,0,3.96
481,Port Moresby,PG,2021-01-20 01:17:38,-9.4431,147.1797,87.8,66,20,6.91
482,Chara,RU,2021-01-20 01:17:39,56.9064,118.2631,-13.79,73,100,1.3
483,Dzaoudzi,YT,2021-01-20 01:17:39,-12.7887,45.2699,82.4,83,90,9.22
484,Adilabad,IN,2021-01-20 01:17:39,19.6667,78.5333,68.45,55,0,4.5
485,Ko Samui,TH,2021-01-20 01:17:40,9.5357,99.9357,80.6,65,40,8.05
486,Little Current,CA,2021-01-20 01:15:03,45.9793,-81.9248,21.2,68,70,10.36
487,Bonthe,SL,2021-01-20 01:15:57,7.5264,-12.505,77.23,86,10,4.76
488,Ormara,PK,2021-01-20 01:17:41,25.2088,64.6357,67.93,80,0,5.19
489,Sept-Iles,CA,2021-01-20 01:15:05,50.2001,-66.3821,5.0,66,82,10.36
490,Moerai,PF,2021-01-20 01:17:41,-22.4333,-151.3333,81.28,72,69,10.94
491,Ambunti,PG,2021-01-20 01:17:41,-4.2365,142.8448,87.62,64,59,1.97
492,Slave Lake,CA,2021-01-20 01:17:41,55.2834,-114.769,42.8,52,75,36.82
493,Faya,SA,2021-01-20 01:17:42,18.3851,42.4509,53.6,87,0,6.91
494,Plouzane,FR,2021-01-20 01:17:42,48.3833,-4.6167,50.0,100,90,24.16
495,Ambulu,ID,2021-01-20 01:17:42,-8.345,113.6058,79.59,76,100,2.13
496,Tabuk,PH,2021-01-20 01:17:42,17.4189,121.4443,72.68,91,100,8.05
497,Corinto,GR,2021-01-20 01:17:42,37.9407,22.9573,37.0,63,0,3.42
498,Labytnangi,RU,2021-01-20 01:17:43,66.6572,66.4183,-20.6,87,100,7.7
499,Okhotsk,RU,2021-01-20 01:17:43,59.3833,143.3,-4.23,84,99,5.64
500,Collierville,US,2021-01-20 01:17:43,35.042,-89.6645,48.99,57,75,5.75
501,Ibicarai,BR,2021-01-20 01:17:44,-14.865,-39.5875,80.6,78,0,5.75
502,Deep River,CA,2021-01-20 01:17:44,46.1001,-77.4995,17.01,92,90,2.98
503,Garden City,US,2021-01-20 01:17:44,42.3256,-83.331,33.8,69,90,12.66
504,Goderich,CA,2021-01-20 01:17:44,43.7501,-81.7165,26.6,68,100,11.5
505,Conceicao Do Araguaia,BR,2021-01-20 01:17:45,-8.2578,-49.2647,73.98,87,4,0.6
506,Vestmannaeyjar,IS,2021-01-20 01:17:45,63.4427,-20.2734,36.05,79,5,20.58
507,Tevriz,RU,2021-01-20 01:17:45,57.509,72.4042,-18.15,87,94,4.12
508,Lianzhou,CN,2021-01-20 01:17:46,24.7811,112.3825,57.0,40,0,1.01
509,Chiang Klang,TH,2021-01-20 01:17:46,19.2938,100.8617,53.6,94,0,1.14
510,Tessalit,ML,2021-01-20 01:17:46,20.1986,1.0114,60.44,27,0,15.43
511,Huarmey,PE,2021-01-20 01:17:46,-10.0681,-78.1522,71.73,79,100,6.82
512,Mahibadhoo,MV,2021-01-20 01:17:46,3.7833,72.9667,81.57,75,73,10.78
513,Nelson Bay,AU,2021-01-20 01:17:47,-32.7167,152.15,72.0,56,75,9.22
514,Sibolga,ID,2021-01-20 01:17:47,1.7427,98.7792,78.26,74,84,2.44
515,Mount Gambier,AU,2021-01-20 01:17:47,-37.8333,140.7667,71.6,23,0,10.36
516,Waren,DE,2021-01-20 01:17:47,53.5167,12.6833,44.01,92,100,5.01
517,Ketou,BJ,2021-01-20 01:17:47,7.3633,2.5998,77.9,77,0,4.41
518,Tuyen Quang,VN,2021-01-20 01:17:22,21.8233,105.2181,57.27,70,93,1.28
519,Murwara,IN,2021-01-20 01:17:48,23.85,80.4,53.91,74,0,1.99
520,Kajaani,FI,2021-01-20 01:17:48,64.2273,27.7285,21.2,86,90,9.22
521,Gornyy,RU,2021-01-20 01:17:48,55.1153,83.9059,-25.37,87,0,2.39
522,Oda,JP,2021-01-20 01:17:48,35.1833,132.5,37.4,75,20,2.3
523,Westport,US,2021-01-20 01:17:31,41.1415,-73.3579,37.4,60,1,10.36
524,Sao Joao Da Barra,BR,2021-01-20 01:13:51,-21.6403,-41.0511,76.23,84,0,16.55
525,Matara,LK,2021-01-20 01:17:49,5.9485,80.5353,75.61,89,100,3.6
526,Pucallpa,PE,2021-01-20 01:17:49,-8.3791,-74.5539,75.2,94,75,2.3
527,Pauini,BR,2021-01-20 01:17:49,-7.7136,-66.9764,73.29,92,86,1.34
528,Sorland,NO,2021-01-20 01:17:50,67.667,12.6934,33.71,84,100,18.95
529,Yueyang,CN,2021-01-20 01:17:50,29.3333,113.0919,51.17,45,100,1.92
530,Serebryansk,KZ,2021-01-20 01:17:50,49.6925,83.2892,-4.0,77,40,2.24
531,Sampit,ID,2021-01-20 01:17:50,-2.5333,112.95,79.45,80,100,3.53
532,Ochamchira,GE,2021-01-20 01:17:50,42.7121,41.4721,34.3,83,98,3.4
533,Ulaangom,MN,2021-01-20 01:17:51,49.9811,92.0667,-15.65,83,33,1.45
534,Mwinilunga,ZM,2021-01-20 01:17:51,-11.7358,24.4293,63.82,94,100,6.58
535,Paita,PE,2021-01-20 01:17:51,-5.0892,-81.1144,73.04,75,100,13.78
536,Marathon,US,2021-01-20 01:17:51,44.9,-89.7668,12.99,67,20,9.22
537,Yenagoa,NG,2021-01-20 01:17:52,4.9247,6.2642,76.35,89,0,3.29
538,Qaqortoq,GL,2021-01-20 01:17:52,60.7167,-46.0333,39.2,33,20,33.38
539,Qeshm,IR,2021-01-20 01:17:52,26.9581,56.2719,60.8,94,0,4.61
540,Nizhniy Tsasuchey,RU,2021-01-20 01:17:52,50.5167,115.1333,4.17,94,100,4.92
541,Ocean City,US,2021-01-20 01:17:52,39.2776,-74.5746,39.99,60,1,3.44
542,Mumford,GH,2021-01-20 01:17:53,5.2618,-0.759,78.66,88,17,8.52
543,De Aar,ZA,2021-01-20 01:17:53,-30.6497,24.0123,65.01,65,0,16.46
544,Olesno,PL,2021-01-20 01:17:53,50.877,18.4209,33.01,85,100,11.72
545,Rushden,GB,2021-01-20 01:17:54,52.2914,-0.5992,52.0,89,100,4.0
546,Leigh,GB,2021-01-20 01:17:54,53.4833,-2.5167,52.0,90,100,3.0
547,Ferkessedougou,CI,2021-01-20 01:17:54,9.6,-5.2,72.68,20,0,5.1
548,Jinchang,CN,2021-01-20 01:17:54,38.4953,102.1739,24.35,52,100,1.45
549,Mangaluru,IN,2021-01-20 01:14:02,12.8667,74.8833,73.4,88,32,3.44
550,Mount Isa,AU,2021-01-20 01:17:55,-20.7333,139.5,93.2,38,71,5.75
551,Gravdal,NO,2021-01-20 01:17:55,68.1214,13.5031,30.42,90,87,13.11
552,Kargopol,RU,2021-01-20 01:17:55,61.5071,38.9456,11.86,96,100,4.92
553,Ongandjera,NA,2021-01-20 01:17:56,-17.8833,15.0667,74.48,48,100,8.23
554,Amapa,BR,2021-01-20 01:17:56,1.0,-52.0,71.85,97,100,3.58
