City_ID,City,Lat,Lng,Max Temp,Humidity,Cloudiness,Wind Speed,Country,Date,Weather Description
0,Saint Anthony,45.0205,-93.218,33.8,69,90,9.22,US,1/31/2021 22:55,overcast clouds
1,Nikolskoye,59.7035,30.7861,26.6,86,75,6.71,RU,1/31/2021 22:55,snow
2,Rikitea,-23.1203,-134.9692,79.25,62,29,7.14,PF,1/31/2021 22:55,scattered clouds
3,Kimbe,-5.5502,150.1429,83.46,76,85,6.31,PG,1/31/2021 22:55,light rain
4,Takaka,-40.85,172.8,66,79,0,3,NZ,1/31/2021 22:55,clear sky
5,Bluff,-46.6,168.3333,61.29,68,63,3.69,NZ,1/31/2021 22:55,broken clouds
6,Saint-Philippe,-21.3585,55.7679,80.6,74,20,12.66,RE,1/31/2021 22:55,light rain
7,Bredasdorp,-34.5322,20.0403,63,83,99,1.01,ZA,1/31/2021 22:55,overcast clouds
8,Mar Del Plata,-38.0023,-57.5575,64.4,68,75,12.66,AR,1/31/2021 22:53,broken clouds
9,Brufut,13.3814,-16.7518,78.8,38,0,12.15,GM,1/31/2021 22:55,clear sky
10,Grindavik,63.8424,-22.4338,32,69,75,12.66,IS,1/31/2021 22:55,broken clouds
11,Iquique,-20.2208,-70.1431,73.4,60,0,20.71,CL,1/31/2021 22:53,clear sky
12,Albany,42.6001,-73.9662,17.01,53,100,2.59,US,1/31/2021 22:55,overcast clouds
13,Hermanus,-34.4187,19.2345,63,83,91,1.01,ZA,1/31/2021 22:55,overcast clouds
14,Chifeng,42.2683,118.9636,-0.53,81,0,10.38,CN,1/31/2021 22:55,clear sky
15,Kapaa,22.0752,-159.319,78.8,61,1,11.5,US,1/31/2021 22:50,clear sky
16,Ushuaia,-54.8,-68.3,53.6,62,75,8.05,AR,1/31/2021 22:52,broken clouds
17,Cayenne,4.9333,-52.3333,80.6,78,75,6.91,GF,1/31/2021 22:55,broken clouds
18,Barrhead,55.7992,-4.3929,34,86,99,11.5,GB,1/31/2021 22:55,overcast clouds
19,Tiksi,71.6872,128.8694,-27.15,86,100,6.73,RU,1/31/2021 22:55,overcast clouds
20,Te Anau,-45.4167,167.7167,67.8,56,71,1.48,NZ,1/31/2021 22:55,broken clouds
21,Hithadhoo,-0.6,73.0833,82.2,77,75,13.33,MV,1/31/2021 22:55,broken clouds
22,Jamestown,42.097,-79.2353,30,74,90,11.5,US,1/31/2021 22:55,overcast clouds
23,Nanortalik,60.1432,-45.2371,32.13,92,100,6.98,GL,1/31/2021 22:55,overcast clouds
24,Khatanga,71.9667,102.5,-39.91,80,29,7.02,RU,1/31/2021 22:55,scattered clouds
25,Faanui,-16.4833,-151.75,81.54,75,78,10.36,PF,1/31/2021 22:55,light rain
26,Mataura,-46.1927,168.8643,72.37,43,47,1.97,NZ,1/31/2021 22:55,scattered clouds
27,Hovd,48.0056,91.6419,1.78,88,35,2.04,MN,1/31/2021 22:55,scattered clouds
28,Kruisfontein,-34.0033,24.7314,66.99,85,71,3,ZA,1/31/2021 22:55,light rain
29,Yumen,40.2833,97.2,18.19,67,0,1.16,CN,1/31/2021 22:55,clear sky
30,Esperance,-33.8667,121.9,59,94,31,5.75,AU,1/31/2021 22:55,scattered clouds
31,Port-Gentil,-0.7193,8.7815,80.6,83,40,5.75,GA,1/31/2021 22:55,light rain
32,Clyde River,70.4692,-68.5914,-4,71,90,6.91,CA,1/31/2021 22:55,light snow
33,Cape Town,-33.9258,18.4232,66.99,82,75,18.41,ZA,1/31/2021 22:55,broken clouds
34,Vao,-22.6667,167.4833,76.23,74,100,24.36,NC,1/31/2021 22:55,overcast clouds
35,Talas,38.6908,35.5538,32,93,40,1.14,TR,1/31/2021 22:55,scattered clouds
36,San Ramon,37.7799,-121.978,66,36,1,5.75,US,1/31/2021 22:55,clear sky
37,Yellowknife,62.456,-114.3525,-4,77,75,4.61,CA,1/31/2021 22:55,broken clouds
38,Gunjur,13.2019,-16.7339,78.8,38,0,6.4,GM,1/31/2021 22:55,clear sky
39,Tuktoyaktuk,69.4541,-133.0374,-23.8,69,75,2.3,CA,1/31/2021 22:55,broken clouds
40,Khandyga,62.6667,135.6,-52.87,77,77,1.19,RU,1/31/2021 22:55,broken clouds
41,Upington,-28.4478,21.2561,75.2,22,0,8.05,ZA,1/31/2021 22:55,clear sky
42,Bandarbeyla,9.4942,50.8122,72.39,72,11,18.12,SO,1/31/2021 22:55,few clouds
43,Ilulissat,69.2167,-51.1,6.8,56,91,9.22,GL,1/31/2021 22:55,overcast clouds
44,Touros,-5.1989,-35.4608,80.6,74,20,9.22,BR,1/31/2021 22:53,few clouds
45,Hobart,-42.8794,147.3294,72,63,90,9.22,AU,1/31/2021 22:55,overcast clouds
46,Ribeira Grande,38.5167,-28.7,63.05,85,100,27.85,PT,1/31/2021 22:55,overcast clouds
47,Saint George,37.1041,-113.5841,57,43,1,3.91,US,1/31/2021 22:55,clear sky
48,Kodiak,57.79,-152.4072,30.2,59,1,9.22,US,1/31/2021 22:52,clear sky
49,Dundee,56.5,-2.9667,33.8,100,75,6.91,GB,1/31/2021 22:55,light snow
50,Katsuura,35.1333,140.3,39.99,52,75,9.22,JP,1/31/2021 22:55,light rain
51,Severo-Kurilsk,50.6789,156.125,23.07,91,89,43.08,RU,1/31/2021 22:55,overcast clouds
52,Presidencia Roque Saenz Pena,-26.7852,-60.4388,80.01,75,12,4,AR,1/31/2021 22:55,few clouds
53,East London,-33.0153,27.9116,73.26,72,26,17.07,ZA,1/31/2021 22:55,scattered clouds
54,Ampanihy,-24.7,44.75,78.55,78,96,0.6,MG,1/31/2021 22:54,overcast clouds
55,Victoria,22.2855,114.1577,64.99,81,42,9.33,HK,1/31/2021 22:50,scattered clouds
56,Fria,10.4167,-13.5833,67.8,82,40,0.83,GN,1/31/2021 22:55,scattered clouds
57,Kismayo,-0.3582,42.5454,76.24,78,35,15.5,SO,1/31/2021 22:55,scattered clouds
58,Rocha,-34.4833,-54.3333,66.72,75,79,7.78,UY,1/31/2021 22:55,broken clouds
59,Birjand,32.8663,59.2211,30.2,40,0,4.61,IR,1/31/2021 22:53,clear sky
60,Kavieng,-2.5744,150.7967,84.02,80,100,14.29,PG,1/31/2021 22:55,light rain
61,Souillac,-20.5167,57.5167,80.6,78,40,13.8,MU,1/31/2021 22:55,scattered clouds
62,Zyryanka,65.75,150.85,-29.36,83,100,16.8,RU,1/31/2021 22:55,overcast clouds
63,Busselton,-33.65,115.3333,64.99,78,0,7,AU,1/31/2021 22:55,clear sky
64,Lensk,60.7253,114.9278,-28.35,79,100,9.89,RU,1/31/2021 22:51,overcast clouds
65,Punta Arenas,-53.15,-70.9167,53.6,66,0,20.71,CL,1/31/2021 22:52,clear sky
66,Kansanshi,-12.0951,26.4273,63.27,97,100,4,ZM,1/31/2021 22:55,light rain
67,Douentza,14.9951,-2.9517,69.73,20,100,4.03,ML,1/31/2021 22:55,overcast clouds
68,Tura,25.5198,90.2201,52.56,44,0,2.42,IN,1/31/2021 22:55,clear sky
69,Wagar,16.1525,36.2032,64.65,91,0,8.3,SD,1/31/2021 22:55,clear sky
70,Miri,4.4148,114.0089,77,100,40,2.3,MY,1/31/2021 22:55,scattered clouds
71,Kharitonovo,61.4009,47.4978,29.03,98,100,10.42,RU,1/31/2021 22:55,snow
72,Puerto Ayora,-0.7393,-90.3518,84.2,70,0,13.8,EC,1/31/2021 22:55,clear sky
73,Dingli,35.8614,14.3822,57.2,77,40,18.41,MT,1/31/2021 22:55,scattered clouds
74,Sitka,57.0531,-135.33,41,52,40,5.75,US,1/31/2021 22:55,scattered clouds
75,Atuona,-9.8,-139.0333,78.98,75,32,16.78,PF,1/31/2021 22:55,scattered clouds
76,Kiama,-34.6833,150.8667,72,93,73,1.7,AU,1/31/2021 22:55,broken clouds
77,Saskylakh,71.9167,114.0833,-31.09,83,60,7.78,RU,1/31/2021 22:55,broken clouds
78,Avarua,-21.2078,-159.775,75.2,94,75,4.61,CK,1/31/2021 22:55,heavy intensity rain
79,West Bay,19.3667,-81.4167,84.2,58,20,8.05,KY,1/31/2021 22:50,few clouds
80,Solhan,38.9634,41.0293,24.48,93,48,0.69,TR,1/31/2021 22:55,scattered clouds
81,Chuy,-33.6971,-53.4616,69.04,90,100,14.58,UY,1/31/2021 22:51,overcast clouds
82,Proddatur,14.7333,78.55,66.6,78,100,4.09,IN,1/31/2021 22:55,overcast clouds
83,Kahului,20.8947,-156.47,78.8,57,20,18.41,US,1/31/2021 22:55,few clouds
84,Red Bluff,40.1785,-122.2358,53.6,66,90,3.02,US,1/31/2021 22:55,overcast clouds
85,Dingle,10.9995,122.6711,73.29,90,90,8.9,PH,1/31/2021 22:55,overcast clouds
86,Barrow,71.2906,-156.7887,-20.2,76,40,10.36,US,1/31/2021 22:51,haze
87,Gimli,50.6336,-96.9907,23,74,90,6.91,CA,1/31/2021 22:54,overcast clouds
88,Chokurdakh,70.6333,147.9167,-21.8,86,84,12.48,RU,1/31/2021 22:55,broken clouds
89,Iqaluit,63.7506,-68.5145,0,78,90,2.3,CA,1/31/2021 22:55,light snow
90,Lompoc,34.6391,-120.4579,64.4,32,1,3.44,US,1/31/2021 22:55,clear sky
91,Udachnyy,66.4167,112.4,-41.4,79,97,8.59,RU,1/31/2021 22:55,overcast clouds
92,Mingguang,32.7802,117.9638,46.02,86,99,5.77,CN,1/31/2021 22:55,overcast clouds
93,Upernavik,72.7868,-56.1549,2.28,93,100,7.38,GL,1/31/2021 22:55,overcast clouds
94,Turangi,-39,175.9333,79,39,19,4,NZ,1/31/2021 22:55,few clouds
95,Hilo,19.7297,-155.09,78.8,57,20,4.61,US,1/31/2021 22:51,few clouds
96,Luderitz,-26.6481,15.1594,65.71,72,1,19.37,NA,1/31/2021 22:55,clear sky
97,Port Alfred,-33.5906,26.891,71.01,87,5,5.01,ZA,1/31/2021 22:55,clear sky
98,Cherskiy,68.75,161.3,-16.51,82,97,6.67,RU,1/31/2021 22:55,overcast clouds
99,Cidreira,-30.1811,-50.2056,75.97,91,100,9.35,BR,1/31/2021 22:51,heavy intensity rain
100,Spring Hill,28.4769,-82.5255,75.2,57,40,20.71,US,1/31/2021 22:51,scattered clouds
101,Talnakh,69.4865,88.3972,-19.34,76,94,9.86,RU,1/31/2021 22:55,overcast clouds
102,Lebu,-37.6167,-73.65,58.55,83,3,15.61,CL,1/31/2021 22:55,clear sky
103,Calama,-22.4667,-68.9333,77,9,0,25.32,CL,1/31/2021 22:54,clear sky
104,Shimoda,34.6667,138.95,39.99,68,77,1.99,JP,1/31/2021 22:55,broken clouds
105,Port Macquarie,-31.4333,152.9167,79,65,73,1.99,AU,1/31/2021 22:55,broken clouds
106,Libenge,3.65,18.6333,76.42,59,30,3.89,CD,1/31/2021 22:55,scattered clouds
107,Kawalu,-7.3817,108.2082,71.29,85,98,2.89,ID,1/31/2021 22:55,overcast clouds
108,Dayong,25.0209,118.2898,55.4,94,46,2.24,CN,1/31/2021 22:55,mist
109,Port Elizabeth,-33.918,25.5701,71.6,73,40,21.85,ZA,1/31/2021 22:52,light rain
110,New Norfolk,-42.7826,147.0587,72,49,42,1.99,AU,1/31/2021 22:50,scattered clouds
111,Taber,49.8167,-112.1518,50,37,100,4.61,CA,1/31/2021 22:55,overcast clouds
112,Butaritari,3.0707,172.7902,80.65,82,65,12.68,KI,1/31/2021 22:55,light rain
113,Vaini,-21.2,-175.2,78.8,94,90,8.05,TO,1/31/2021 22:55,moderate rain
114,Lavrentiya,65.5833,-171,-5.87,86,100,16.35,RU,1/31/2021 22:55,overcast clouds
115,Dawlatabad,36.4141,64.9053,45.46,70,0,2.1,AF,1/31/2021 22:55,clear sky
116,Syktyvkar,61.6764,50.8099,30.2,93,90,15.66,RU,1/31/2021 22:55,light snow
117,Abalak,58.1286,68.5944,4.71,95,40,4.56,RU,1/31/2021 22:55,scattered clouds
118,Castro,-24.7911,-50.0119,65.7,94,99,5.5,BR,1/31/2021 22:55,overcast clouds
119,Airai,-8.9266,125.4092,61.7,100,100,5.08,TL,1/31/2021 22:55,overcast clouds
120,Bambous Virieux,-20.3428,57.7575,80.6,78,40,13.8,MU,1/31/2021 22:55,scattered clouds
121,Varhaug,58.6147,5.6457,30,100,40,3.44,NO,1/31/2021 22:55,scattered clouds
122,Ahipara,-35.1667,173.1667,71.62,51,0,6.11,NZ,1/31/2021 22:55,clear sky
123,Ponta Do Sol,32.6667,-17.1,57,74,0,3,PT,1/31/2021 22:55,clear sky
124,Port Hueneme,34.1478,-119.1951,71.6,67,1,12.66,US,1/31/2021 22:55,clear sky
125,Guhagar,17.4842,73.1929,72.19,52,3,5.44,IN,1/31/2021 22:55,clear sky
126,Stephenville,32.2207,-98.2023,57.2,33,1,16.11,US,1/31/2021 22:55,clear sky
127,Sao Jose Da Coroa Grande,-8.8978,-35.1478,78.35,78,64,7.65,BR,1/31/2021 22:52,broken clouds
128,Puerto Escondido,15.85,-97.0667,84.2,70,1,5.75,MX,1/31/2021 22:55,clear sky
129,Tuatapere,-46.1333,167.6833,69.06,53,6,1.95,NZ,1/31/2021 22:55,clear sky
130,Panzhihua,26.5851,101.7128,39.99,70,0,0.87,CN,1/31/2021 22:55,clear sky
131,Athens,37.9795,23.7162,62.01,88,20,5.75,GR,1/31/2021 22:53,few clouds
132,Rath,25.5833,79.5667,48.43,51,0,0.54,IN,1/31/2021 22:51,clear sky
133,Oranjestad,12.524,-70.027,80.6,78,20,20.71,AW,1/31/2021 22:51,few clouds
134,Kavaratti,10.5669,72.642,81,73,0,10.74,IN,1/31/2021 22:55,clear sky
135,Nguruka,-5.1092,31.0419,65.62,93,100,3.24,TZ,1/31/2021 22:55,overcast clouds
136,Lucea,18.451,-78.1736,78.8,83,75,14.97,JM,1/31/2021 22:55,broken clouds
137,Hasaki,35.7333,140.8333,35.6,60,75,6.91,JP,1/31/2021 22:55,light rain
138,Alofi,-19.0595,-169.9187,82.4,78,75,11.5,NU,1/31/2021 22:55,light rain
139,Jiuquan,39.7432,98.5174,17.82,73,0,1.86,CN,1/31/2021 22:55,clear sky
140,Orange Cove,36.6244,-119.3137,63,42,1,3.44,US,1/31/2021 22:55,clear sky
141,Jining,35.405,116.5814,38.12,61,3,4.94,CN,1/31/2021 22:55,clear sky
142,Paita,-5.0892,-81.1144,76.96,70,65,18.86,PE,1/31/2021 22:55,broken clouds
143,Albion,42.2431,-84.753,28.4,80,90,6.91,US,1/31/2021 22:55,overcast clouds
144,Qaanaaq,77.484,-69.3632,-4.49,88,100,1.36,GL,1/31/2021 22:55,overcast clouds
145,Matay,28.419,30.7792,53.94,49,0,4.7,EG,1/31/2021 22:55,clear sky
146,Pevek,69.7008,170.3133,-27.31,85,75,2.33,RU,1/31/2021 22:55,broken clouds
147,Senador Guiomard,-10.1522,-67.7392,84.2,74,20,6.91,BR,1/31/2021 22:52,few clouds
148,Zhezkazgan,47.8043,67.7144,15.75,92,12,3.85,KZ,1/31/2021 22:55,few clouds
149,Khasan,42.4308,130.6434,19.26,96,79,5.99,RU,1/31/2021 22:55,broken clouds
150,Ulaanbaatar,47.9077,106.8832,-23.8,62,0,5.17,MN,1/31/2021 22:55,clear sky
151,La Ronge,55.1001,-105.2842,19.4,79,76,2.3,CA,1/31/2021 22:55,broken clouds
152,Lebedinyy,58.5167,125.5167,-43.24,79,100,2.33,RU,1/31/2021 22:55,overcast clouds
153,Provideniya,64.3833,-173.3,3.2,85,90,29.08,RU,1/31/2021 22:55,snow
154,Mayumba,-3.432,10.6554,78.91,82,100,3.91,GA,1/31/2021 22:55,overcast clouds
155,Fortuna,40.5982,-124.1573,54,100,75,20.71,US,1/31/2021 22:55,light rain
156,Mahibadhoo,3.7833,72.9667,81.79,77,94,13.87,MV,1/31/2021 22:55,overcast clouds
157,Norman Wells,65.282,-126.8329,-18.4,69,75,6.91,CA,1/31/2021 22:55,broken clouds
158,Pacific Grove,36.6177,-121.9166,57.99,67,1,4.61,US,1/31/2021 22:55,clear sky
159,Columbus,39.9612,-82.9988,35.01,93,90,8.05,US,1/31/2021 22:54,snow
160,Tubuala,9.5167,-79.0333,87.8,55,20,12.66,PA,1/31/2021 22:55,few clouds
161,Sawakin,19.1059,37.3321,73.65,75,94,8.39,SD,1/31/2021 22:55,overcast clouds
162,Kailua,21.4022,-157.7394,80.6,61,75,14.97,US,1/31/2021 22:55,broken clouds
163,Skagen,57.7209,10.5839,30.99,90,84,4,DK,1/31/2021 22:55,light snow
164,Pisco,-13.7,-76.2167,73.4,64,40,19.57,PE,1/31/2021 22:55,scattered clouds
165,Great Bend,38.3645,-98.7648,43,60,1,14.97,US,1/31/2021 22:55,clear sky
166,Tasiilaq,65.6145,-37.6368,14,67,75,3.53,GL,1/31/2021 22:55,broken clouds
167,Jumla,29.2747,82.1838,31.78,68,0,3.2,NP,1/31/2021 22:55,clear sky
168,Quelimane,-17.8786,36.8883,82.4,89,20,5.75,MZ,1/31/2021 22:55,few clouds
169,Pangnirtung,66.1451,-65.7125,-3.19,87,100,2.86,CA,1/31/2021 22:55,light snow
170,Vila Velha,-20.3297,-40.2925,80.6,74,40,14.97,BR,1/31/2021 22:55,scattered clouds
171,Birin,26.8865,88.0718,41.49,79,10,3.6,NP,1/31/2021 22:55,clear sky
172,Arraial Do Cabo,-22.9661,-42.0278,78.8,73,0,17.27,BR,1/31/2021 22:55,clear sky
173,Coalville,52.7167,-1.3667,33.01,93,75,8.05,GB,1/31/2021 22:56,light snow
174,Narsaq,60.9167,-46.05,39.2,33,75,18.41,GL,1/31/2021 22:56,broken clouds
175,Meulaboh,4.1363,96.1285,74.8,87,66,4.83,ID,1/31/2021 22:56,broken clouds
176,Gari,59.4307,62.3497,14.36,97,99,9.15,RU,1/31/2021 22:56,overcast clouds
177,Salalah,17.0151,54.0924,68,68,0,3.44,OM,1/31/2021 22:56,clear sky
178,Tiznit,29.5833,-9.5,63.21,58,0,1.9,MA,1/31/2021 22:56,clear sky
179,Stavern,59,10.0333,24.01,93,90,2.3,NO,1/31/2021 22:56,fog
180,Moosomin,50.1333,-101.6677,7.43,95,27,0.6,CA,1/31/2021 22:56,scattered clouds
181,Mahebourg,-20.4081,57.7,80.6,78,40,13.8,MU,1/31/2021 22:56,scattered clouds
182,Samarai,-10.6167,150.6667,84.11,72,46,13.24,PG,1/31/2021 22:56,scattered clouds
183,Tabou,4.423,-7.3528,78.35,89,35,8.16,CI,1/31/2021 22:56,scattered clouds
184,Caravelas,-17.7125,-39.2481,76.55,84,89,6.58,BR,1/31/2021 22:56,overcast clouds
185,Port Hedland,-20.3167,118.5667,75.2,100,90,21.85,AU,1/31/2021 22:56,moderate rain
186,Berlevag,70.8578,29.0864,26.6,86,90,13.8,NO,1/31/2021 22:56,light snow
187,Fenoarivo,-18.933,47.4354,66.2,88,75,4.61,MG,1/31/2021 22:56,broken clouds
188,Bambanglipuro,-7.95,110.2833,76.12,87,97,4.09,ID,1/31/2021 22:56,light rain
189,Camacha,33.0833,-16.3333,60.8,88,40,8.05,PT,1/31/2021 22:56,scattered clouds
190,Georgetown,5.4112,100.3354,78.8,83,20,3.44,MY,1/31/2021 22:54,few clouds
191,College,64.8569,-147.8028,-4,77,90,0.98,US,1/31/2021 22:56,light snow
192,Warmbad,-28.45,18.7333,71.65,52,0,15.66,NA,1/31/2021 22:56,clear sky
193,Fort Nelson,58.8053,-122.7002,-9.4,77,90,2.3,CA,1/31/2021 22:51,overcast clouds
194,Ouadda,8.0777,22.4007,70.21,23,0,5.53,CF,1/31/2021 22:56,clear sky
195,Lasa,46.6166,10.7002,36,93,0,3.44,IT,1/31/2021 22:56,clear sky
196,Ambanja,-13.6833,48.45,75.9,88,64,2.95,MG,1/31/2021 22:56,broken clouds
197,Nago,26.5881,127.9761,62.6,93,1,5.75,JP,1/31/2021 22:56,clear sky
198,Carrollton,32.9537,-96.8903,57,38,1,14.97,US,1/31/2021 22:51,clear sky
199,Vrangel,42.7297,133.0839,32.65,96,100,3.18,RU,1/31/2021 22:56,overcast clouds
200,Rubizhne,49.0123,38.3797,31.6,92,91,0.94,UA,1/31/2021 22:56,light snow
201,Shujalpur,23.4,76.7167,54.46,36,0,3.94,IN,1/31/2021 22:54,clear sky
202,Dauphin,51.1494,-100.0502,21.2,79,90,8.05,CA,1/31/2021 22:56,overcast clouds
203,Ardesen,41.1911,40.9875,48.2,66,0,12.66,TR,1/31/2021 22:56,clear sky
204,Carndonagh,55.25,-7.2667,35.19,89,100,15.55,IE,1/31/2021 22:56,overcast clouds
205,Pandan,14.0453,124.1694,76.75,83,97,15.99,PH,1/31/2021 22:56,overcast clouds
206,Bethel,41.3712,-73.414,21.99,53,90,5.75,US,1/31/2021 22:56,overcast clouds
207,Guerrero Negro,27.9769,-114.0611,70.18,32,99,9.69,MX,1/31/2021 22:56,overcast clouds
208,Carnarvon,-24.8667,113.6333,80.6,44,89,10.36,AU,1/31/2021 22:56,overcast clouds
209,Baykit,61.67,96.37,-28.12,78,68,0.85,RU,1/31/2021 22:56,broken clouds
210,Nome,64.5011,-165.4064,1.99,60,1,4.61,US,1/31/2021 22:56,clear sky
211,Umm Kaddadah,13.6017,26.6876,65.48,23,0,12.19,SD,1/31/2021 22:56,clear sky
212,Longyearbyen,78.2186,15.6401,1.4,60,0,17.27,SJ,1/31/2021 22:56,clear sky
213,Sistranda,63.7256,8.834,30.2,86,40,17.27,NO,1/31/2021 22:56,snow
214,Raudeberg,61.9875,5.1352,30,94,94,1.92,NO,1/31/2021 22:56,overcast clouds
215,Basoko,1.2391,23.616,74.01,60,68,2.66,CD,1/31/2021 22:56,broken clouds
216,Cockburn Town,21.4612,-71.1419,75.2,64,40,11.5,TC,1/31/2021 22:56,scattered clouds
217,Flinders,-34.5833,150.8552,72,83,76,1.01,AU,1/31/2021 22:56,broken clouds
218,Lyngseidet,69.5763,20.2189,25,93,75,3.44,NO,1/31/2021 22:56,light snow
219,Alexandria,31.2156,29.9553,57.2,77,0,5.75,EG,1/31/2021 22:56,clear sky
220,Kumluca,36.3703,30.2869,54.5,66,25,5.93,TR,1/31/2021 22:56,scattered clouds
221,Billings,45.7833,-108.5007,50,23,40,13.8,US,1/31/2021 22:56,scattered clouds
222,Kachug,53.9606,105.8817,-38.11,78,20,1.41,RU,1/31/2021 22:56,few clouds
223,Alekseyevka,50.6309,38.6903,22.66,96,75,6.49,RU,1/31/2021 22:56,snow
224,Rio Grande,-32.035,-52.0986,78.8,78,75,3.44,BR,1/31/2021 22:56,moderate rain
225,Jinja,0.439,33.2032,66.7,79,99,0.63,UG,1/31/2021 22:56,overcast clouds
226,Abejorral,5.7893,-75.4273,69.8,49,20,8.05,CO,1/31/2021 22:56,few clouds
227,Zabol,32.25,67.25,37.85,72,0,2.46,AF,1/31/2021 22:56,clear sky
228,Juneau,58.3019,-134.4197,26.6,80,20,5.66,US,1/31/2021 22:56,few clouds
229,Banepa,27.6298,85.5214,39.2,93,20,3.44,NP,1/31/2021 22:56,mist
230,Nelson Bay,-32.7167,152.15,80.01,78,75,5.75,AU,1/31/2021 22:56,broken clouds
231,Port Blair,11.6667,92.75,78.39,85,37,10.47,IN,1/31/2021 22:56,scattered clouds
232,Lerwick,60.1545,-1.1494,32,86,20,14.97,GB,1/31/2021 22:56,few clouds
233,Mayo,38.8876,-76.5119,32,100,90,10.36,US,1/31/2021 22:56,snow
234,Ruteng,-8.6136,120.4721,64.53,99,100,2.89,ID,1/31/2021 22:56,light rain
235,Olafsvik,64.8945,-23.7142,30.78,94,100,10.45,IS,1/31/2021 22:56,light snow
236,Kibaya,-5.3,36.5667,57.6,100,100,3.06,TZ,1/31/2021 22:56,overcast clouds
237,Komsomolskiy,40.4272,71.7189,41,52,100,6.91,UZ,1/31/2021 22:56,mist
238,Riyadh,24.6877,46.7219,57.2,35,0,3.44,SA,1/31/2021 22:56,clear sky
239,Grand Gaube,-20.0064,57.6608,80.01,75,34,7,MU,1/31/2021 22:56,scattered clouds
240,Victor Harbor,-35.5667,138.6167,64,75,100,3,AU,1/31/2021 22:56,overcast clouds
241,Paraiso,9.8383,-83.8656,75.2,60,40,14.97,CR,1/31/2021 22:54,scattered clouds
242,Necochea,-38.5473,-58.7368,62.01,64,19,11.52,AR,1/31/2021 22:56,few clouds
243,Lobez,53.6392,15.6213,21.99,87,12,1.01,PL,1/31/2021 22:56,few clouds
244,Pittsburg,38.028,-121.8847,66,48,1,4.61,US,1/31/2021 22:51,clear sky
245,Itaqui,-29.1253,-56.5531,76.64,85,47,3.42,BR,1/31/2021 22:56,scattered clouds
246,Goderich,43.7501,-81.7165,23,68,100,17.27,CA,1/31/2021 22:56,overcast clouds
247,Darovskoy,58.77,47.9564,29.61,98,100,14.09,RU,1/31/2021 22:56,snow
248,Ekhabi,53.5102,142.9671,-15.45,80,0,20.18,RU,1/31/2021 22:56,clear sky
249,Cabo San Lucas,22.8909,-109.9124,77,64,75,17.27,MX,1/31/2021 22:54,broken clouds
250,Veraval,20.9,70.3667,67.95,43,0,9.15,IN,1/31/2021 22:56,clear sky
251,Tibacuy,4.3511,-72.4564,89.69,40,100,9.33,CO,1/31/2021 22:56,overcast clouds
252,Birao,10.2849,22.7882,73.42,20,0,6.71,CF,1/31/2021 22:56,clear sky
253,San Cristobal,7.7669,-72.225,87.8,42,40,4.61,VE,1/31/2021 22:53,scattered clouds
254,Dunedin,-45.8742,170.5036,62.62,66,100,5.59,NZ,1/31/2021 22:56,overcast clouds
255,Portland,45.5234,-122.6762,54,81,90,11.5,US,1/31/2021 22:51,overcast clouds
256,Muborak,39.2553,65.1528,45.57,88,94,8.79,UZ,1/31/2021 22:56,overcast clouds
257,Yichun,47.7,128.9,-7.24,92,100,5.64,CN,1/31/2021 22:56,light snow
258,Pioner,55.3166,85.9508,-14.8,76,2,4.47,RU,1/31/2021 22:56,clear sky
259,Dikson,73.5069,80.5464,-26.9,79,61,8.81,RU,1/31/2021 22:56,broken clouds
260,Belmonte,-15.8631,-38.8828,78.8,78,20,11.5,BR,1/31/2021 22:56,few clouds
261,Guozhen,34.3659,107.359,37.54,58,35,2.08,CN,1/31/2021 22:56,scattered clouds
262,Kalisz,51.7611,18.091,21.85,94,25,5.64,PL,1/31/2021 22:56,scattered clouds
263,Richards Bay,-28.783,32.0377,77.52,89,95,8.01,ZA,1/31/2021 22:56,light rain
264,Oranjemund,-28.55,16.4333,65.19,90,33,10.27,NA,1/31/2021 22:56,scattered clouds
265,Ossora,59.2353,163.0719,-3.96,89,100,20.51,RU,1/31/2021 22:56,light snow
266,Mehamn,71.0357,27.8492,27.84,95,100,11.9,NO,1/31/2021 22:56,light snow
267,Yinchuan,38.4681,106.2731,25.93,70,0,3.11,CN,1/31/2021 22:56,clear sky
268,Namatanai,-3.6667,152.4333,84.52,69,97,7.25,PG,1/31/2021 22:56,light rain
269,Lakes Entrance,-37.8811,147.981,70,72,0,1.74,AU,1/31/2021 22:56,clear sky
270,Ancud,-41.8697,-73.8203,68,59,0,8.05,CL,1/31/2021 22:56,clear sky
271,Mampong,7.0627,-1.4001,77.99,68,20,7.94,GH,1/31/2021 22:56,few clouds
272,San Patricio,28.017,-97.5169,80.6,17,1,13.8,US,1/31/2021 22:56,clear sky
273,Broken Hill,-31.95,141.4333,73.4,31,77,6.91,AU,1/31/2021 22:56,broken clouds
274,Gravelbourg,49.8834,-106.5512,19.4,68,20,6.91,CA,1/31/2021 22:56,few clouds
275,Husavik,66.0449,-17.3389,-4,84,0,3.44,IS,1/31/2021 22:56,clear sky
276,Ormara,25.2088,64.6357,69.01,78,0,9.08,PK,1/31/2021 22:56,clear sky
277,Longonjo,-12.9067,15.2533,60.76,78,100,3.71,AO,1/31/2021 22:56,overcast clouds
278,Comodoro Rivadavia,-45.8667,-67.5,71.6,43,40,23.02,AR,1/31/2021 22:56,scattered clouds
279,Kungurtug,50.5994,97.5228,-19.89,77,35,1.61,RU,1/31/2021 22:56,scattered clouds
280,Hobe Sound,27.0595,-80.1364,73.4,64,40,10.36,US,1/31/2021 22:56,scattered clouds
281,Geraldton,-28.7667,114.6,80.6,26,0,4.61,AU,1/31/2021 22:56,clear sky
282,Tommot,58.9564,126.2925,-37.84,76,100,8.48,RU,1/31/2021 22:56,overcast clouds
283,Kieta,-6.2167,155.6333,85.82,70,99,13.98,PG,1/31/2021 22:56,light rain
284,Makakilo City,21.3469,-158.0858,82.4,51,40,9.22,US,1/31/2021 22:54,scattered clouds
285,Jalu,29.0331,21.5482,61.92,29,0,13.09,LY,1/31/2021 22:56,clear sky
286,Coquimbo,-29.9533,-71.3436,69.8,78,40,11.5,CL,1/31/2021 22:56,scattered clouds
287,Vagamo,61.8751,9.0967,8.42,80,8,3.49,NO,1/31/2021 22:56,clear sky
288,Kaitangata,-46.2817,169.8464,66,70,85,5.01,NZ,1/31/2021 22:56,overcast clouds
289,Volksrust,-27.3654,29.8818,61.32,96,99,3.44,ZA,1/31/2021 22:56,light rain
290,Kasempa,-13.4584,25.8338,65.03,93,100,2.73,ZM,1/31/2021 22:56,light rain
291,Pavilosta,56.8879,21.1859,33.8,93,90,2.3,LV,1/31/2021 22:56,overcast clouds
292,Esmeraldas,-19.7625,-44.3139,80.6,54,0,8.05,BR,1/31/2021 22:56,clear sky
293,Kamaishi,39.2667,141.8833,10.4,92,0,1.14,JP,1/31/2021 22:56,clear sky
294,Nemuro,43.3236,145.575,19.89,89,0,7.47,JP,1/31/2021 22:56,clear sky
295,Marzuq,14.4,46.4667,58.59,52,0,2.55,YE,1/31/2021 22:56,clear sky
296,Mount Gambier,-37.8333,140.7667,57.2,88,98,3.44,AU,1/31/2021 22:53,light rain
297,Bud,39.447,-86.1758,33.01,98,100,11.43,US,1/31/2021 22:56,snow
298,Potot,12.2035,123.4319,75.69,83,85,9.6,PH,1/31/2021 22:56,overcast clouds
299,Banamba,13.55,-7.45,69.91,20,64,8.28,ML,1/31/2021 22:56,broken clouds
300,Araceli,10.5529,119.9913,79.75,77,82,20.96,PH,1/31/2021 22:56,broken clouds
301,Sabang,5.8933,95.3214,81.03,78,70,21.32,ID,1/31/2021 22:56,broken clouds
302,Yegros,-26.45,-56.4,74.28,91,35,4.05,PY,1/31/2021 22:56,scattered clouds
303,Hamilton,39.1834,-84.5333,37.99,93,90,8.05,US,1/31/2021 22:55,light rain
304,Opuwo,-18.0607,13.84,69.57,47,100,7.23,NA,1/31/2021 22:56,overcast clouds
305,Shu,43.5983,73.7614,33.93,82,100,3.62,KZ,1/31/2021 22:56,overcast clouds
306,Leningradskiy,69.3833,178.4167,-21.32,86,91,10.33,RU,1/31/2021 22:56,overcast clouds
307,Sao Joao Da Barra,-21.6403,-41.0511,77.85,82,97,19.46,BR,1/31/2021 22:56,overcast clouds
308,Margate,51.3813,1.3862,41,90,100,1.99,GB,1/31/2021 22:53,overcast clouds
309,Pergamino,-33.89,-60.5736,64.99,94,99,6.46,AR,1/31/2021 22:56,moderate rain
310,Keffi,8.8486,7.8736,77.54,19,4,4.59,NG,1/31/2021 22:56,clear sky
311,Lagdo,9.05,13.7333,74.73,19,0,1.79,CM,1/31/2021 22:56,clear sky
312,Groningen,53.25,6.75,28.4,80,100,6.91,NL,1/31/2021 22:56,overcast clouds
313,Nyuksenitsa,60.4128,44.2397,23.16,98,100,8.39,RU,1/31/2021 22:56,snow
314,Karratha,-20.7377,116.8463,86.9,55,100,13.35,AU,1/31/2021 22:56,overcast clouds
315,Nara,34.6851,135.8049,37.99,93,75,1.14,JP,1/31/2021 22:56,broken clouds
316,Kapuskasing,49.4169,-82.4331,8.6,66,78,2.3,CA,1/31/2021 22:56,broken clouds
317,Namibe,-15.1961,12.1522,73.74,72,99,5.64,AO,1/31/2021 22:54,overcast clouds
318,Livingston,55.9029,-3.5226,30.99,93,0,4.61,GB,1/31/2021 22:56,clear sky
319,Saldanha,-33.0117,17.9442,66.18,84,94,12.46,ZA,1/31/2021 22:56,overcast clouds
320,Ontario,34.0633,-117.6509,73.4,23,75,3.18,US,1/31/2021 22:56,broken clouds
321,Sovetskiy,61.3614,63.5842,6.24,95,100,8.63,RU,1/31/2021 22:56,overcast clouds
322,Ketchikan,55.3422,-131.6461,37.4,81,90,2.71,US,1/31/2021 22:56,overcast clouds
323,Muisne,0.6,-80.0333,78.8,94,75,6.91,EC,1/31/2021 22:56,broken clouds
324,Soe,-9.8607,124.284,68.94,99,100,6.49,ID,1/31/2021 22:56,overcast clouds
325,Katangli,51.7102,143.2326,-13.49,87,10,10.85,RU,1/31/2021 22:56,clear sky
326,Kaduy,59.2,37.15,17.46,97,95,6.22,RU,1/31/2021 22:56,light snow
327,Kondinskoye,59.6481,67.41,6.03,95,98,6.29,RU,1/31/2021 22:56,overcast clouds
328,Agadez,19.75,10.25,55.87,31,42,2.04,NE,1/31/2021 22:56,scattered clouds
329,Myitkyina,25.3833,97.4,55,81,0,3.13,MM,1/31/2021 22:56,clear sky
330,Litein,-0.5823,35.1903,51.37,54,87,2.89,KE,1/31/2021 22:56,overcast clouds
331,Westport,41.1415,-73.3579,24.01,60,100,7.45,US,1/31/2021 22:52,overcast clouds
332,Murdochville,48.9583,-65.5006,23,86,33,8.05,CA,1/31/2021 22:56,scattered clouds
333,Inhambane,-23.865,35.3833,79.99,84,3,9.62,MZ,1/31/2021 22:56,clear sky
334,Maner,25.65,84.8833,45.68,70,0,3.51,IN,1/31/2021 22:56,clear sky
335,Zhangye,38.9342,100.4517,18.9,68,0,2.68,CN,1/31/2021 22:56,clear sky
336,Pionerskiy,54.9508,20.2275,30.2,80,75,15.66,RU,1/31/2021 22:56,light snow
337,Buenos Aires,-34.6132,-58.3772,70,88,75,8.05,AR,1/31/2021 22:56,broken clouds
338,Paamiut,61.994,-49.6678,23.11,89,0,12.53,GL,1/31/2021 22:56,clear sky
339,Along,28.1667,94.7667,45.99,57,8,1.66,IN,1/31/2021 22:56,clear sky
340,Naranjal,-2.6667,-79.6167,86,62,40,3.44,EC,1/31/2021 22:56,scattered clouds
341,Ilinskoye-Khovanskoye,56.9718,39.7684,24.8,80,90,13.42,RU,1/31/2021 22:56,overcast clouds
342,Morondava,-20.2833,44.2833,81.73,72,59,2.17,MG,1/31/2021 22:56,light rain
343,Aldan,58.6031,125.3894,-42.68,79,100,3.06,RU,1/31/2021 22:56,overcast clouds
344,Fujin,47.26,132.0322,-7.01,91,100,11.41,CN,1/31/2021 22:56,light snow
345,Tacuarembo,-31.7333,-55.9833,71.67,86,95,13.8,UY,1/31/2021 22:56,overcast clouds
346,Portlethen,57.0547,-2.1307,30.99,86,75,2.3,GB,1/31/2021 22:56,light snow
347,Boa Vista,2.8197,-60.6733,86,54,20,8.05,BR,1/31/2021 22:56,few clouds
348,Nurota,40.5614,65.6886,44.6,81,99,6.91,UZ,1/31/2021 22:56,light rain
349,Labrea,-7.2586,-64.7981,77.18,91,65,1.66,BR,1/31/2021 22:56,broken clouds
350,Murfreesboro,35.8456,-86.3903,44.6,81,90,9.22,US,1/31/2021 22:56,overcast clouds
351,Buchanan,5.8808,-10.0467,78.8,94,75,7.34,LR,1/31/2021 22:56,broken clouds
352,San Quintin,30.4833,-115.95,64.47,48,75,9.08,MX,1/31/2021 22:56,broken clouds
353,Shubarkuduk,49.1447,56.4872,16.83,94,40,8.05,KZ,1/31/2021 22:56,scattered clouds
354,Sao Filipe,14.8961,-24.4956,73.27,69,0,8.68,CV,1/31/2021 22:56,clear sky
355,Koumac,-20.5667,164.2833,81.82,64,92,7.83,NC,1/31/2021 22:56,overcast clouds
356,Tabuk,17.4189,121.4443,64.56,91,63,2.13,PH,1/31/2021 22:56,broken clouds
357,Codrington,-38.2667,141.9667,61.02,69,100,6.22,AU,1/31/2021 22:56,overcast clouds
358,Guane,22.2025,-84.0875,75,73,85,3.8,CU,1/31/2021 22:56,overcast clouds
359,Morros,-9.4467,-46.3003,80.33,59,90,3.27,BR,1/31/2021 22:56,overcast clouds
360,Yerbogachen,61.2767,108.0108,-35.82,79,98,5.1,RU,1/31/2021 22:56,overcast clouds
361,Inirida,3.8653,-67.9239,77.34,92,100,0.87,CO,1/31/2021 22:56,overcast clouds
362,Lata,40.1629,-8.3327,57,93,83,8.14,PT,1/31/2021 22:56,broken clouds
363,Norman,35.2226,-97.4395,48,53,1,21.85,US,1/31/2021 22:56,clear sky
364,Yulara,-25.2406,130.9889,84.2,23,99,12.66,AU,1/31/2021 22:56,overcast clouds
365,Shitkino,56.3703,98.3543,-33.92,81,24,3.15,RU,1/31/2021 22:56,few clouds
366,Nishihara,26.1842,127.7558,62.6,51,20,5.75,JP,1/31/2021 22:56,few clouds
367,Zanjan,36.6736,48.4787,28.83,91,53,2.57,IR,1/31/2021 22:56,broken clouds
368,Puerto Del Rosario,28.5004,-13.8627,64.4,77,20,13.8,ES,1/31/2021 22:54,few clouds
369,Atchison,39.563,-95.1216,33.01,86,96,16.31,US,1/31/2021 22:56,overcast clouds
370,Boyolangu,-8.1181,111.8935,74.68,89,100,4.85,ID,1/31/2021 22:56,light rain
371,Tezu,27.9167,96.1667,55.76,42,2,3.65,IN,1/31/2021 22:56,clear sky
372,Mariental,-24.6333,17.9667,77.61,18,40,16.98,NA,1/31/2021 22:56,scattered clouds
373,Fare,-16.7,-151.0167,81.59,72,51,9.8,PF,1/31/2021 22:56,broken clouds
374,Bengkulu,-3.8004,102.2655,74.95,81,91,4.34,ID,1/31/2021 22:56,overcast clouds
375,Nesbyen,60.5681,9.1027,8.01,88,56,2.91,NO,1/31/2021 22:56,broken clouds
376,Lusaka,-15.4067,28.2871,68,94,75,1.14,ZM,1/31/2021 22:56,moderate rain
377,Vostok,46.4856,135.8833,1.44,95,100,3.42,RU,1/31/2021 22:56,snow
378,Wasilla,61.5814,-149.4394,14,85,90,2.66,US,1/31/2021 22:56,overcast clouds
379,Bantry,51.6833,-9.45,46.4,93,90,11.5,IE,1/31/2021 22:56,fog
380,Xinmin,41.9908,122.8253,17.6,79,90,13.42,CN,1/31/2021 22:56,light snow
381,Porto Novo,6.4965,2.6036,84.2,84,20,12.66,BJ,1/31/2021 22:56,few clouds
382,Taraclia,45.9,28.6689,32.47,96,100,11.23,MD,1/31/2021 22:56,overcast clouds
383,Palana,59.1167,159.9667,-7.91,91,100,31.45,RU,1/31/2021 22:56,overcast clouds
384,Aklavik,68.2191,-135.0107,-20.2,69,75,4.61,CA,1/31/2021 22:56,light snow
385,Silifke,36.3778,33.9344,54.99,71,62,13.44,TR,1/31/2021 22:56,broken clouds
386,Espanola,35.9911,-106.0806,41,30,1,3.44,US,1/31/2021 22:56,clear sky
387,Thompson,55.7435,-97.8558,12.2,92,40,1.23,CA,1/31/2021 22:56,scattered clouds
388,Tadine,-21.55,167.8833,79.3,69,69,20.13,NC,1/31/2021 22:56,broken clouds
389,Santiago Del Estero,-27.7951,-64.2615,70.65,78,100,6.55,AR,1/31/2021 22:56,overcast clouds
390,Araouane,18.9048,-3.5265,68.52,19,13,10.56,ML,1/31/2021 22:56,few clouds
391,Xining,36.6167,101.7667,11.5,65,0,3.04,CN,1/31/2021 22:56,clear sky
392,Beringovskiy,63.05,179.3167,12.51,96,100,28.68,RU,1/31/2021 22:56,snow
393,Shuangcheng,45.35,126.2833,1.4,85,75,11.18,CN,1/31/2021 22:56,light snow
394,Torbay,47.6666,-52.7314,32,93,90,19.57,CA,1/31/2021 22:56,light intensity drizzle
395,Port Shepstone,-30.7414,30.455,77.11,84,19,6.4,ZA,1/31/2021 22:56,few clouds
396,Kalaleh,37.3807,55.4916,51.62,43,33,2.57,IR,1/31/2021 22:56,scattered clouds
397,Gasa,31.5,34.4667,55,87,0,2.3,PS,1/31/2021 22:52,clear sky
398,Don Matias,6.4857,-75.395,69.8,49,20,8.05,CO,1/31/2021 22:56,few clouds
399,Isangel,-19.55,169.2667,78.8,94,90,5.75,VU,1/31/2021 22:56,overcast clouds
400,Adre,13.4667,22.2,66.51,24,0,10.4,TD,1/31/2021 22:56,clear sky
401,Nouadhibou,20.931,-17.0347,66.2,77,0,20.71,MR,1/31/2021 22:56,clear sky
402,Saint-Augustin,51.226,-58.6502,15.19,91,98,12.95,CA,1/31/2021 22:56,overcast clouds
403,Kearney,40.6995,-99.0815,37.4,75,1,6.91,US,1/31/2021 22:56,clear sky
404,Cairns,-16.9167,145.7667,84,69,97,8.05,AU,1/31/2021 22:53,overcast clouds
405,Tarauaca,-8.1614,-70.7656,71.94,97,100,0.6,BR,1/31/2021 22:52,overcast clouds
406,Guangyuan,32.442,105.823,33.01,99,0,0.38,CN,1/31/2021 22:56,clear sky
407,Palm Valley,30.1775,-81.3876,73.99,57,44,1.99,US,1/31/2021 22:56,scattered clouds
408,Kaeo,-35.1,173.7833,75.99,46,0,5.01,NZ,1/31/2021 22:56,clear sky
409,Kathu,7.9178,98.3332,84,78,20,4.61,TH,1/31/2021 22:56,few clouds
410,Evensk,61.95,159.2333,-5.42,80,100,16.58,RU,1/31/2021 22:56,overcast clouds
411,Tokur,53.1333,132.9,-40.79,82,53,2.33,RU,1/31/2021 22:56,broken clouds
412,Kitimat,54.0524,-128.6534,30.99,88,100,3.31,CA,1/31/2021 22:56,overcast clouds
413,Fairbanks,64.8378,-147.7164,-4,84,90,1.95,US,1/31/2021 22:55,overcast clouds
414,Dukat,62.55,155.55,-41.12,79,100,6.91,RU,1/31/2021 22:56,overcast clouds
415,Lempaala,61.3167,23.75,14,92,90,3.44,FI,1/31/2021 22:56,light snow
416,Miracema,-21.4122,-42.1967,76.48,78,91,3.71,BR,1/31/2021 22:56,overcast clouds
417,Miles City,46.4083,-105.8406,44.6,49,1,5.75,US,1/31/2021 22:56,clear sky
418,Vila,42.0304,-8.1588,51.01,93,100,11.99,PT,1/31/2021 22:56,overcast clouds
419,Sobolevo,54.4299,31.8996,19.15,97,87,11.9,RU,1/31/2021 22:56,light snow
420,Masterton,-40.9597,175.6575,70,71,2,7,NZ,1/31/2021 22:56,clear sky
421,Bismarck,46.8083,-100.7837,21.2,86,90,5.75,US,1/31/2021 22:56,mist
422,Port Hawkesbury,45.6169,-61.3485,30,86,90,9.22,CA,1/31/2021 22:56,overcast clouds
423,Satun,6.8333,100,80.6,100,75,2.3,TH,1/31/2021 22:56,broken clouds
424,Bathsheba,13.2167,-59.5167,78.8,69,40,20.71,BB,1/31/2021 22:56,scattered clouds
425,Nuuk,64.1835,-51.7216,14,85,20,8.05,GL,1/31/2021 22:56,few clouds
426,Jinchang,38.4953,102.1739,20.28,67,0,1.63,CN,1/31/2021 22:56,clear sky
427,Naze,28.3667,129.4833,62.6,63,20,14.97,JP,1/31/2021 22:56,few clouds
428,Umm Lajj,25.0213,37.2685,69.55,44,0,9.6,SA,1/31/2021 22:56,clear sky
429,Puerto Penasco,31.3167,-113.5333,68,41,58,7,MX,1/31/2021 22:56,broken clouds
430,Mandera,3.9366,41.867,77.23,33,23,11.43,KE,1/31/2021 22:56,few clouds
431,Tonstad,58.6626,6.7169,30,94,84,1.1,NO,1/31/2021 22:56,broken clouds
432,High Level,58.5169,-117.136,-2.2,78,90,10.36,CA,1/31/2021 22:56,overcast clouds
433,Changji,44.0167,87.3167,3.2,85,75,2.24,CN,1/31/2021 22:56,mist
434,Andenes,69.3143,16.1194,28.4,93,75,17.27,NO,1/31/2021 22:56,snow
435,Daru,-9.0763,143.2092,78.98,88,98,11.92,PG,1/31/2021 22:56,overcast clouds
436,Kangaatsiaq,68.3065,-53.4641,3.25,94,70,8.7,GL,1/31/2021 22:56,broken clouds
437,Alytus,54.4,24.05,24.8,80,90,9.22,LT,1/31/2021 22:56,overcast clouds
438,Lakatoro,-16.0999,167.4164,83.79,63,94,4.54,VU,1/31/2021 22:56,overcast clouds
439,Morant Bay,17.8815,-76.4093,84.2,61,75,26.46,JM,1/31/2021 22:56,broken clouds
440,Sao Luis,-2.5297,-44.3028,82.4,89,0,10.36,BR,1/31/2021 22:56,light rain
441,Crotone,39.0851,17.1178,46,100,90,12.66,IT,1/31/2021 22:56,fog
442,Adilabad,19.6667,78.5333,62.2,38,0,4.03,IN,1/31/2021 22:56,clear sky
443,Rawson,-43.3002,-65.1023,74.17,34,26,25.88,AR,1/31/2021 22:56,scattered clouds
444,Vardo,70.3705,31.1107,21.2,86,75,9.22,NO,1/31/2021 22:56,broken clouds
445,Petropavlovsk-Kamchatskiy,53.0452,158.6483,15.8,62,64,6.71,RU,1/31/2021 22:53,broken clouds
446,Zalantun,48,122.7167,-10.55,88,100,7.72,CN,1/31/2021 22:55,overcast clouds
447,Sena Madureira,-9.0656,-68.6569,73.56,95,87,1.16,BR,1/31/2021 22:56,heavy intensity rain
448,Menongue,-14.6585,17.691,64.85,95,100,3.65,AO,1/31/2021 22:56,moderate rain
449,Manaus,-3.1019,-60.025,82.4,83,0,1.14,BR,1/31/2021 22:53,clear sky
450,Hurricane,37.1753,-113.2899,57,34,1,9.22,US,1/31/2021 22:57,clear sky
451,Natal,-5.795,-35.2094,80.6,78,40,12.66,BR,1/31/2021 22:57,scattered clouds
452,Sao Luiz Gonzaga,-28.4083,-54.9608,71.29,91,83,4.88,BR,1/31/2021 22:57,broken clouds
453,Tsiroanomandidy,-18.7667,46.0333,68.88,90,33,2.21,MG,1/31/2021 22:57,scattered clouds
454,Balkanabat,39.5108,54.3671,46.49,65,0,3.89,TM,1/31/2021 22:57,clear sky
455,Arman,59.7,150.1667,-18.81,76,79,14.23,RU,1/31/2021 22:57,broken clouds
456,Serenje,-13.2325,30.2352,62.92,98,100,4.76,ZM,1/31/2021 22:57,moderate rain
457,Razole,16.4833,81.8333,67.75,95,39,3.78,IN,1/31/2021 22:57,scattered clouds
458,Fort-Shevchenko,44.5086,50.263,38.39,88,62,4.65,KZ,1/31/2021 22:57,broken clouds
459,Vila Franca Do Campo,37.7167,-25.4333,63,82,75,16.11,PT,1/31/2021 22:57,broken clouds
460,Cabedelo,-6.9811,-34.8339,80.6,78,20,8.05,BR,1/31/2021 22:57,few clouds
461,Hailey,43.5196,-114.3153,35.6,60,1,9.22,US,1/31/2021 22:57,clear sky
462,Gbarnga,6.9956,-9.4722,73.33,93,39,1.88,LR,1/31/2021 22:57,scattered clouds
463,Sabha,27.0377,14.4283,60.58,27,20,9.01,LY,1/31/2021 22:57,few clouds
464,Ulaangom,49.9811,92.0667,-10.73,88,37,1.68,MN,1/31/2021 22:57,scattered clouds
465,Pangody,65.85,74.4859,-9.76,90,87,7.4,RU,1/31/2021 22:57,overcast clouds
466,Chengde,40.9725,117.9361,13.5,74,0,10.29,CN,1/31/2021 22:57,clear sky
467,Zheleznodorozhnyy,55.7503,38.0042,26.6,80,75,11.18,RU,1/31/2021 22:57,light snow
468,Cap Malheureux,-19.9842,57.6142,80.01,75,31,7,MU,1/31/2021 22:57,scattered clouds
469,Marsh Harbour,26.5412,-77.0636,71.82,72,100,18.1,BS,1/31/2021 22:57,overcast clouds
470,Hofn,64.2539,-15.2082,26.85,85,36,10.16,IS,1/31/2021 22:57,scattered clouds
471,Kamenka,51.3223,42.7678,20.39,97,50,7.87,RU,1/31/2021 22:57,scattered clouds
472,Arua,3.0201,30.9111,71.53,33,73,3.91,UG,1/31/2021 22:57,broken clouds
473,Aqtobe,50.2797,57.2072,6.8,85,0,6.71,KZ,1/31/2021 22:57,clear sky
474,Buckeye,33.3703,-112.5838,71.6,17,66,10.36,US,1/31/2021 22:57,broken clouds
475,Angoche,-16.2325,39.9086,79.99,78,100,12.1,MZ,1/31/2021 22:57,overcast clouds
476,Kushiro,42.975,144.3747,6.8,85,20,8.05,JP,1/31/2021 22:57,few clouds
477,Binzhou,37.3667,118.0167,39.99,55,3,8.12,CN,1/31/2021 22:57,clear sky
478,Teacapan,22.55,-105.75,74.62,62,29,11.95,MX,1/31/2021 22:57,scattered clouds
479,Alta,69.9689,23.2717,25,86,100,1.14,NO,1/31/2021 22:56,overcast clouds
480,Matamoros,25.5333,-103.25,75.2,25,1,12.73,MX,1/31/2021 22:57,clear sky
481,Nurlat,54.4277,50.8051,27.79,98,100,21.03,RU,1/31/2021 22:57,light snow
482,Faya,18.3851,42.4509,57.2,43,0,2.73,SA,1/31/2021 22:57,clear sky
483,Oktyabrskiy,54.4815,53.471,24.12,95,100,20.42,RU,1/31/2021 22:57,light snow
484,Ust-Ishim,57.6935,71.1665,2.01,94,71,3.91,RU,1/31/2021 22:57,broken clouds
485,Karaton,-6.3424,106.1045,78.01,88,20,2.3,ID,1/31/2021 22:57,mist
486,Hami,42.8,93.45,24.6,78,0,6.87,CN,1/31/2021 22:57,clear sky
487,Ecroignard,-20.2261,57.7361,80.6,78,40,13.8,MU,1/31/2021 22:57,scattered clouds
488,Texarkana,33.4251,-94.0477,53.6,47,1,18.41,US,1/31/2021 22:57,clear sky
489,Port Hardy,50.6996,-127.4199,42.8,93,75,2.3,CA,1/31/2021 22:57,light rain
490,Apache Junction,33.4151,-111.5496,72,21,20,4.88,US,1/31/2021 22:57,few clouds
491,Sokol,59.4617,40.1206,15.98,97,99,7.74,RU,1/31/2021 22:57,overcast clouds
492,Nehe,48.4833,124.8333,-14.98,87,100,15.97,CN,1/31/2021 22:57,snow
493,Baragua,21.6967,-78.6328,76.53,63,50,1.57,CU,1/31/2021 22:57,scattered clouds
494,Conyers,33.6676,-84.0177,45,100,90,3.44,US,1/31/2021 22:57,mist
495,Warrnambool,-38.3833,142.4833,60.01,93,81,1.52,AU,1/31/2021 22:57,broken clouds
496,Banff,51.1762,-115.5698,39.2,86,88,5.75,CA,1/31/2021 22:57,overcast clouds
497,Amahai,-3.3333,128.9167,80.15,76,99,4.14,ID,1/31/2021 22:57,overcast clouds
498,Begoro,6.3871,-0.3774,74.57,87,1,5.39,GH,1/31/2021 22:57,clear sky
499,Sitangkai,4.6628,119.3928,81.18,80,100,16.46,PH,1/31/2021 22:57,overcast clouds
500,Vestmannaeyjar,63.4427,-20.2734,33.04,87,93,13.87,IS,1/31/2021 22:57,overcast clouds
501,Rosetta,31.4044,30.4164,57.2,77,0,5.75,EG,1/31/2021 22:57,clear sky
502,Port Lincoln,-34.7333,135.8667,63.79,69,98,17,AU,1/31/2021 22:57,overcast clouds
503,Wamba,8.9333,8.6,76.59,19,5,4.74,NG,1/31/2021 22:57,clear sky
504,Vagur,61.4732,-6.8119,32.61,88,73,17.65,FO,1/31/2021 22:57,broken clouds
505,Gat,31.61,34.7642,55,87,0,2.3,IL,1/31/2021 22:56,clear sky
506,Bogotol,56.2078,89.5342,-15.63,86,56,10.45,RU,1/31/2021 22:57,broken clouds
507,Chicama,-7.8447,-79.1469,76.01,63,0,8.93,PE,1/31/2021 22:57,clear sky
508,Nantucket,41.2835,-70.0995,28,68,90,3.44,US,1/31/2021 22:55,overcast clouds
509,Alice Springs,-23.7,133.8833,86,28,56,12.66,AU,1/31/2021 22:57,broken clouds
510,Talcahuano,-36.7167,-73.1167,71.6,56,0,10.36,CL,1/31/2021 22:57,clear sky
511,Havre-Saint-Pierre,50.2334,-63.5986,21.2,58,1,8.05,CA,1/31/2021 22:57,clear sky
512,Dinguiraye,11.3,-10.7167,71.94,20,0,2.91,GN,1/31/2021 22:57,clear sky
513,Buala,-8.145,159.5921,84.18,78,100,17.05,SB,1/31/2021 22:57,light rain
514,Orlik,52.5178,99.825,-28.17,71,0,2.24,RU,1/31/2021 22:57,clear sky
515,Fairview,40.8126,-73.999,25,58,90,8.05,US,1/31/2021 22:57,light snow
516,Suntar,62.1444,117.6319,-43.38,79,53,2.89,RU,1/31/2021 22:57,broken clouds
517,Uzhur,55.3036,89.8339,-19.43,86,34,6.87,RU,1/31/2021 22:57,scattered clouds
518,Henties Bay,-22.116,14.2845,68,83,75,5.64,NA,1/31/2021 22:57,broken clouds
519,Mabaruma,8.2,-59.7833,73.99,88,50,5.59,GY,1/31/2021 22:57,scattered clouds
520,Saint-Leu,-21.15,55.2833,80.6,74,20,12.66,RE,1/31/2021 22:57,few clouds
521,Sur,22.5667,59.5289,68.85,57,0,3.91,OM,1/31/2021 22:57,clear sky
522,Santa Cruz,-17.8,-63.1667,84.2,74,75,13.8,BO,1/31/2021 22:57,broken clouds
523,Pedernales,18.0384,-71.744,79.32,67,35,8.63,DO,1/31/2021 22:57,scattered clouds
524,Martapura,-3.4167,114.85,75.2,94,75,1.68,ID,1/31/2021 22:57,moderate rain
525,Panguna,-6.3164,155.4848,80.76,69,100,4.32,PG,1/31/2021 22:57,light rain
526,Neiafu,-18.65,-173.9833,80.6,83,75,14.97,TO,1/31/2021 22:57,moderate rain
527,Makubetsu,45.3714,141.8211,24.6,96,97,12.57,JP,1/31/2021 22:57,light snow
528,Constancia,24.2231,-107.1869,78.8,50,75,9.22,MX,1/31/2021 22:57,broken clouds
529,Beira,-19.8436,34.8389,78.67,87,0,7.74,MZ,1/31/2021 22:57,clear sky
530,Monte Azul,-15.155,-42.8747,77.27,52,44,6.55,BR,1/31/2021 22:57,scattered clouds
531,Norsup,-16.0667,167.3833,83.53,64,100,5.12,VU,1/31/2021 22:57,overcast clouds
532,Wanning,18.8003,110.3967,65.84,90,40,5.5,CN,1/31/2021 22:57,scattered clouds
533,Axim,4.8699,-2.2405,79.5,86,28,10.6,GH,1/31/2021 22:57,scattered clouds
534,Klyuchi,52.2667,79.1667,3.54,93,100,5.68,RU,1/31/2021 22:57,overcast clouds
535,Sahibganj,25.25,87.65,49.87,52,0,5.55,IN,1/31/2021 22:57,clear sky
536,Takoradi,4.8845,-1.7554,79.36,87,30,11.45,GH,1/31/2021 22:57,scattered clouds
537,Emba,48.8264,58.1442,14.52,91,40,2.1,KZ,1/31/2021 22:57,scattered clouds
538,Ca Mau,9.1769,105.15,74.14,84,30,6.26,VN,1/31/2021 22:57,scattered clouds
539,Hervey Bay,-25.2986,152.8535,81,64,6,8.99,AU,1/31/2021 22:57,clear sky
540,Seaford,50.7714,0.1027,39.99,95,100,1.99,GB,1/31/2021 22:57,overcast clouds
541,Amapa,1,-52,72.95,98,49,3.11,BR,1/31/2021 22:57,scattered clouds
542,Nagato,34.3833,131.2,50,71,90,10.36,JP,1/31/2021 22:57,overcast clouds
543,Dolores,-36.3132,-57.6792,64.94,66,99,12.62,AR,1/31/2021 22:57,overcast clouds
544,Yanam,16.7333,82.2167,70.25,90,3,4.05,IN,1/31/2021 22:57,clear sky
545,Klaksvik,62.2266,-6.589,24.8,80,40,1.14,FO,1/31/2021 22:57,scattered clouds
546,Asau,46.4333,26.4,28.99,72,100,3.09,RO,1/31/2021 22:57,light snow
547,Novoagansk,61.9449,76.6625,-5.21,92,98,6.73,RU,1/31/2021 22:57,overcast clouds
548,Saurimo,-9.6608,20.3916,66.47,92,100,3.74,AO,1/31/2021 22:57,overcast clouds
549,Barcelos,41.5388,-8.6151,57.2,94,75,9.22,PT,1/31/2021 22:57,broken clouds
550,Eskil,38.4017,33.4131,40.89,75,58,18.07,TR,1/31/2021 22:57,broken clouds
551,Sinaloa,25,-107.5,78.8,50,75,9.22,MX,1/31/2021 22:57,broken clouds
552,Noumea,-22.2763,166.4572,81,69,40,14.97,NC,1/31/2021 22:54,scattered clouds
553,Voskresenskoye,56.8381,45.4317,24.44,95,100,18.86,RU,1/31/2021 22:57,snow
554,Johi,26.6921,67.6133,59.34,30,0,7.25,PK,1/31/2021 22:57,clear sky
555,Celestun,20.8667,-90.4,74.86,75,0,13.24,MX,1/31/2021 22:57,clear sky
556,Dovolnoye,54.4958,79.6671,-2.61,83,89,7.27,RU,1/31/2021 22:57,overcast clouds
557,Hare Bay,48.8499,-54.0148,28.4,100,90,23.02,CA,1/31/2021 22:57,snow
558,Griffith,41.5284,-87.4237,32,93,90,12.66,US,1/31/2021 22:55,light snow
559,Bereslavka,48.6254,44.0449,33.8,100,90,6.71,RU,1/31/2021 22:57,fog
560,Lorengau,-2.0226,147.2712,83.73,78,89,8.37,PG,1/31/2021 22:57,overcast clouds
561,Antofagasta,-23.65,-70.4,69.8,73,20,14.97,CL,1/31/2021 22:56,few clouds
562,Langxiang,46.95,128.8833,-7.1,89,100,4.63,CN,1/31/2021 22:57,light snow
563,Akdepe,42.0551,59.3788,35.6,75,5,6.91,TM,1/31/2021 22:57,clear sky
564,Clarence Town,-32.5833,151.7833,80.01,78,75,5.75,AU,1/31/2021 22:57,broken clouds
565,Bonnyville,54.2668,-110.735,6.8,66,1,5.75,CA,1/31/2021 22:57,clear sky
566,Pyaozerskiy,65.8333,31.1667,12.9,96,100,3.53,RU,1/31/2021 22:57,overcast clouds
567,Wuning,29.2589,120.2311,57,31,82,1.07,CN,1/31/2021 22:57,light rain
568,Garmsar,35.2182,52.3409,47.37,49,80,10.94,IR,1/31/2021 22:57,broken clouds
569,Auki,-8.7676,160.7034,83.34,78,98,16.26,SB,1/31/2021 22:57,overcast clouds
570,Conde,-7.2597,-34.9075,80.6,78,20,8.05,BR,1/31/2021 22:56,few clouds
571,Phu Ly,20.5411,105.9139,64.09,91,77,2.55,VN,1/31/2021 22:57,broken clouds
572,Bucksport,44.5737,-68.7956,19.99,52,0,1.79,US,1/31/2021 22:57,clear sky
573,Ciudad Bolivar,8.1222,-63.5497,81.28,66,89,14.65,VE,1/31/2021 22:57,overcast clouds
574,Areosa,41.7178,-8.8571,57.2,94,75,9.22,PT,1/31/2021 22:57,broken clouds
575,Urucui,-7.2294,-44.5561,79.02,76,66,5.48,BR,1/31/2021 22:57,broken clouds
576,Magadan,59.5667,150.8,-20.81,77,72,10.71,RU,1/31/2021 22:57,broken clouds
577,Mackay,-21.15,149.2,81,74,40,10.36,AU,1/31/2021 22:57,scattered clouds
578,Eureka,40.8021,-124.1637,55.99,87,100,5.99,US,1/31/2021 22:56,moderate rain
579,Montecristi,-1.05,-80.6667,82.4,74,75,11.5,EC,1/31/2021 22:57,broken clouds
580,Yei,4.095,30.6779,73.24,29,7,4.32,SS,1/31/2021 22:57,clear sky
581,Sibi,29.5448,67.8764,60.35,28,0,3.06,PK,1/31/2021 22:57,clear sky
582,Republic,37.12,-93.4802,34,75,90,23.02,US,1/31/2021 22:57,haze
583,Launceston,-41.45,147.1667,61,82,90,5.75,AU,1/31/2021 22:57,overcast clouds
584,Assare,-6.8744,-39.875,75.45,62,99,1.25,BR,1/31/2021 22:57,overcast clouds
585,Sayyan,15.1718,44.3244,44.74,49,0,3.58,YE,1/31/2021 22:57,clear sky
586,Manono,-7.3,27.4167,71.69,92,100,2.28,CD,1/31/2021 22:57,light rain
587,Racine,42.7495,-88.0751,30.2,86,90,10.36,US,1/31/2021 22:57,light snow
588,Yar-Sale,66.8333,70.8333,-11.52,90,91,7.56,RU,1/31/2021 22:57,overcast clouds
589,Sorland,67.667,12.6934,34.34,82,100,19.8,NO,1/31/2021 22:57,overcast clouds
590,Lieksa,63.3167,30.0167,12.36,96,100,3.22,FI,1/31/2021 22:57,overcast clouds
591,Puri,19.8,85.85,62.6,94,38,6.53,IN,1/31/2021 22:57,mist
592,Bayangol,50.6977,103.4656,-27.24,77,0,2.55,RU,1/31/2021 22:57,clear sky
593,Suluq,31.6682,20.2521,62.47,40,33,16.4,LY,1/31/2021 22:57,scattered clouds
594,Agirish,61.9247,63.0231,7.18,96,100,9.69,RU,1/31/2021 22:57,overcast clouds
595,Taoudenni,22.6783,-3.9836,70.21,21,0,8.16,ML,1/31/2021 22:57,clear sky
596,Pfullendorf,47.9167,9.25,37.99,97,100,1.74,DE,1/31/2021 22:57,overcast clouds
597,Nyimba,-14.5566,30.8149,69.82,95,99,4.59,ZM,1/31/2021 22:57,light rain
598,Terney,45.0503,136.6092,13.46,94,100,5.95,RU,1/31/2021 22:57,light snow
599,Ilebo,-4.3167,20.5833,71.65,86,100,0.94,CD,1/31/2021 22:57,overcast clouds
600,Cervo,43.6702,-7.4101,57.99,79,93,10,ES,1/31/2021 22:57,overcast clouds
601,Vanimo,-2.6741,141.3028,77.67,88,100,7.45,PG,1/31/2021 22:57,moderate rain
602,High Rock,26.6208,-78.2833,75.2,64,75,11.5,BS,1/31/2021 22:57,broken clouds
603,Onojo,33.5357,130.4786,52,54,75,19.57,JP,1/31/2021 22:57,broken clouds
604,Mao,39.8885,4.2658,55.4,88,0,6.91,ES,1/31/2021 22:57,clear sky
605,Hobyo,5.3505,48.5268,74.77,77,5,15.99,SO,1/31/2021 22:57,clear sky
606,Almeria,37.1667,-2.3333,60.01,88,53,3.44,ES,1/31/2021 22:57,broken clouds
607,Fukue,32.6881,128.8419,60.94,74,97,29.37,JP,1/31/2021 22:57,overcast clouds
608,America Dourada,-11.4553,-41.4361,72.54,70,88,6.35,BR,1/31/2021 22:57,overcast clouds
609,Maniitsoq,65.4167,-52.9,13.1,74,4,3.02,GL,1/31/2021 22:57,clear sky
610,Arkhangelsk,64.5401,40.5433,23,93,90,2.24,RU,1/31/2021 22:57,light snow
611,Deputatskiy,69.3,139.9,-28.37,87,97,1.66,RU,1/31/2021 22:57,overcast clouds
612,Miraflores,19.2167,-98.8083,78.8,13,1,13.8,MX,1/31/2021 22:57,clear sky
613,Bonaventure,48.0457,-65.4926,24.8,74,0,3.44,CA,1/31/2021 22:57,clear sky
614,Maragogi,-9.0122,-35.2225,77.88,79,61,6.89,BR,1/31/2021 22:57,broken clouds
615,Coracora,-15.0333,-73.7833,55.13,61,83,6.55,PE,1/31/2021 22:57,broken clouds
616,Peoria,40.7667,-89.7668,30.99,68,100,16.82,US,1/31/2021 22:56,light snow
617,Sarakhs,36.5449,61.1577,42.8,75,30,2.3,IR,1/31/2021 22:57,scattered clouds
618,Bealanana,-14.55,48.7333,66.13,91,68,2.68,MG,1/31/2021 22:57,broken clouds
619,Ban Nahin,18.2418,104.2122,61.9,87,86,3.78,LA,1/31/2021 22:57,overcast clouds
620,Lapy,52.9911,22.8842,15.01,87,8,9.26,PL,1/31/2021 22:57,clear sky
621,Svobodnyy,51.4,128.1333,-33.29,82,7,7.7,RU,1/31/2021 22:57,clear sky
622,Sao Felix Do Xingu,-6.6447,-51.995,74.84,90,21,2.57,BR,1/31/2021 22:57,few clouds
623,Ostrovnoy,68.0531,39.5131,13.32,94,92,4.34,RU,1/31/2021 22:57,overcast clouds
624,Paducah,37.0834,-88.6001,39.2,70,90,13.8,US,1/31/2021 22:57,overcast clouds
625,Mitsamiouli,-11.3847,43.2844,82.81,70,91,7.99,KM,1/31/2021 22:57,overcast clouds
626,Roma,43.2128,-75.4557,19.4,53,1,6.91,US,1/31/2021 22:56,clear sky
627,Porbandar,21.6422,69.6093,64.8,55,0,12.03,IN,1/31/2021 22:57,clear sky
628,Imbituba,-28.24,-48.6703,78.8,73,40,5.75,BR,1/31/2021 22:57,scattered clouds
629,Valkeala,60.9401,26.7979,21.2,93,90,5.75,FI,1/31/2021 22:57,overcast clouds
630,Urengoy,65.9667,78.3667,-9.17,90,100,10.11,RU,1/31/2021 22:57,overcast clouds
631,Vaitape,-16.5167,-151.75,81.57,74,77,10.38,PF,1/31/2021 22:57,broken clouds
632,Egvekinot,66.3167,-179.1667,-11.49,90,100,18.72,RU,1/31/2021 22:57,light snow
633,Tartagal,-22.5164,-63.8013,74.91,81,74,3.24,AR,1/31/2021 22:57,broken clouds
634,Qianan,44.9932,124.0581,-4.68,90,100,14.99,CN,1/31/2021 22:57,overcast clouds
635,Worthington,40.0931,-83.018,34,93,90,10.36,US,1/31/2021 22:57,snow
636,Bundaberg,-24.85,152.35,77,73,8,11.5,AU,1/31/2021 22:53,clear sky
637,Waddan,29.1614,16.139,63.25,27,51,13.6,LY,1/31/2021 22:57,broken clouds
638,Kashi,39.4547,75.9797,26.6,63,98,6.71,CN,1/31/2021 22:57,overcast clouds
639,Biu,10.6129,12.1946,68.25,25,0,6.78,NG,1/31/2021 22:54,clear sky
640,Santa Rosalia,27.3167,-112.2833,63.82,48,100,12.21,MX,1/31/2021 22:57,overcast clouds
641,Jales,-20.2689,-50.5458,73.53,88,100,7.99,BR,1/31/2021 22:57,moderate rain
642,Lac Du Bonnet,50.2536,-96.0612,19.35,97,100,6.02,CA,1/31/2021 22:57,overcast clouds
643,Marfino,55.7028,37.3822,25,80,75,17.9,RU,1/31/2021 22:57,light snow
644,Dubreka,9.7911,-13.5233,73.87,75,39,2.39,GN,1/31/2021 22:57,scattered clouds
645,Yambio,4.5721,28.3955,72.34,33,0,2.06,SS,1/31/2021 22:54,clear sky
646,Ban Phai,16.06,102.731,69.01,83,0,3.44,TH,1/31/2021 22:57,clear sky
647,Olinda,-8.0089,-34.8553,80.6,69,75,8.05,BR,1/31/2021 22:55,broken clouds
648,Okotoks,50.7289,-113.9828,39.99,69,100,1.01,CA,1/31/2021 22:57,overcast clouds
649,Temiscaming,46.7212,-79.0971,12.2,57,13,5.75,CA,1/31/2021 22:57,few clouds
650,Bowen,-20.0167,148.2333,77,88,75,8.05,AU,1/31/2021 22:57,broken clouds
651,Muravlenko,63.7898,74.523,-5.53,92,87,7.58,RU,1/31/2021 22:57,overcast clouds
652,Ambovombe,-25.1667,46.0833,80.06,72,2,7.54,MG,1/31/2021 22:55,clear sky
653,Yenagoa,4.9247,6.2642,79.07,83,0,5.44,NG,1/31/2021 22:57,clear sky
654,San Policarpo,12.1791,125.5072,79.5,81,99,15.9,PH,1/31/2021 22:57,overcast clouds
655,Mana,5.6592,-53.7767,77.31,81,31,12.73,GF,1/31/2021 22:57,scattered clouds
656,Poronaysk,49.2167,143.1167,-12.91,85,0,3.36,RU,1/31/2021 22:57,clear sky
657,Luba,3.4568,8.5547,82.4,89,20,8.05,GQ,1/31/2021 22:57,few clouds
658,Bambari,5.768,20.6757,74.17,26,0,0.27,CF,1/31/2021 22:57,clear sky
659,Zhanaozen,43.3,52.8,42.13,83,91,6.82,KZ,1/31/2021 22:57,overcast clouds
660,Alyangula,-13.8483,136.4192,84.2,79,99,6.91,AU,1/31/2021 22:57,overcast clouds
661,Moorhead,46.8739,-96.7676,26.6,74,90,10.36,US,1/31/2021 22:57,overcast clouds
662,Mount Isa,-20.7333,139.5,89.6,48,100,8.05,AU,1/31/2021 22:57,overcast clouds
663,Marsa Matruh,31.3525,27.2453,59,55,0,8.05,EG,1/31/2021 22:57,clear sky
664,Kasongo-Lunda,-6.4667,16.8167,69.48,84,57,1.45,CD,1/31/2021 22:57,broken clouds
665,Buta,2.7858,24.73,69.39,48,47,1.54,CD,1/31/2021 22:57,scattered clouds
666,Bitburg,49.9667,6.5333,34,100,90,5.68,DE,1/31/2021 22:56,light rain
667,Rennes,48.1667,-1.6667,50,93,75,6.91,FR,1/31/2021 22:57,broken clouds
668,Naukot,24.8587,69.4024,58.35,87,0,5.64,PK,1/31/2021 22:57,clear sky
669,Indian Head,38.6001,-77.1622,32,96,100,1.99,US,1/31/2021 22:57,snow
670,Gua Musang,4.8823,101.9644,70.68,93,100,1.3,MY,1/31/2021 22:57,overcast clouds
671,Calabozo,8.9242,-67.4293,86.41,46,99,7.72,VE,1/31/2021 22:54,overcast clouds
672,Cassilandia,-19.1133,-51.7342,76.69,78,100,3.44,BR,1/31/2021 22:57,moderate rain
673,Vertou,47.1687,-1.4693,52,93,90,13.8,FR,1/31/2021 22:57,overcast clouds
674,Sisimiut,66.9395,-53.6735,6.01,80,18,8.12,GL,1/31/2021 22:57,few clouds
675,Bandar-E Anzali,37.4727,49.4622,52.2,70,74,3.76,IR,1/31/2021 22:57,broken clouds
676,Los Llanos De Aridane,28.6585,-17.9182,62.6,77,0,10.36,ES,1/31/2021 22:53,clear sky
677,Vysokogornyy,50.1167,139.15,-23.24,84,55,1.43,RU,1/31/2021 22:57,broken clouds
678,Palmer,42.1584,-72.3287,21,53,75,0.29,US,1/31/2021 22:57,broken clouds
679,Wattegama,6.7989,81.4808,71.49,91,3,4.45,LK,1/31/2021 22:57,clear sky
680,Rio Gallegos,-51.6226,-69.2181,71.6,23,0,20.71,AR,1/31/2021 22:57,clear sky
681,Phibun Mangsahan,15.2447,105.2291,66.2,88,24,5.75,TH,1/31/2021 22:57,few clouds
682,Loa Janan,-0.583,117.095,72.7,97,100,2.68,ID,1/31/2021 22:55,overcast clouds
683,Pahrump,36.2083,-115.9839,59,35,99,1.99,US,1/31/2021 22:53,overcast clouds
684,Chik,54.9928,82.4311,-16.6,83,35,2.24,RU,1/31/2021 22:57,scattered clouds
685,Tromso,69.6496,18.957,25,93,75,3.44,NO,1/31/2021 22:57,light snow
686,Atar,20.5169,-13.0499,70.03,23,95,8.84,MR,1/31/2021 22:57,overcast clouds
687,Banda Aceh,5.5577,95.3222,77,81,47,11.86,ID,1/31/2021 22:57,scattered clouds
688,Taupo,-38.6833,176.0833,77,52,21,2.77,NZ,1/31/2021 22:57,few clouds
689,Upata,8.0086,-62.3989,74.25,76,82,6.87,VE,1/31/2021 22:57,broken clouds
690,Lokosovo,61.1333,74.8167,-1.77,93,99,5.1,RU,1/31/2021 22:57,overcast clouds
691,Talara,-4.5772,-81.2719,76.78,74,28,17.31,PE,1/31/2021 22:57,scattered clouds
692,Champerico,14.3,-91.9167,91.4,52,40,11.5,GT,1/31/2021 22:57,scattered clouds
693,Rosarito,32.3333,-117.0333,66.99,34,75,5.75,MX,1/31/2021 22:57,broken clouds
694,Kandhla,29.3167,77.2667,49.32,47,4,2.73,IN,1/31/2021 22:56,clear sky
695,Pacifica,37.6138,-122.4869,62.01,58,75,4.61,US,1/31/2021 22:57,broken clouds
696,Sevsk,52.1491,34.4926,15.44,97,10,9.35,RU,1/31/2021 22:57,light snow
697,Batagay-Alyta,67.8006,130.4114,-36.27,81,100,1.92,RU,1/31/2021 22:57,overcast clouds
698,Coihaique,-45.5752,-72.0662,78.8,27,20,6.91,CL,1/31/2021 22:57,few clouds
699,Todos Santos,23.45,-110.2167,70,79,84,3.4,MX,1/31/2021 22:53,broken clouds
700,Muroto,33.2833,134.15,41,87,75,9.22,JP,1/31/2021 22:57,broken clouds
701,Thouars,46.976,-0.2151,51.01,1,88,1.01,FR,1/31/2021 22:57,overcast clouds
702,Lichtenburg,-26.152,26.1597,64.04,87,97,5.3,ZA,1/31/2021 22:57,overcast clouds
703,Otyniya,48.7377,24.8611,27.03,97,100,11.01,UA,1/31/2021 22:57,overcast clouds
704,Bad Langensalza,51.1,10.65,26.01,86,0,3.44,DE,1/31/2021 22:57,clear sky
705,Powell River,49.8496,-124.5361,46.4,87,75,11.5,CA,1/31/2021 22:57,broken clouds
706,Adelaide,-34.9333,138.6,71.01,63,0,10.36,AU,1/31/2021 22:57,light rain
707,Oktyabrskoye,43.0645,44.7417,28.4,93,44,6.71,RU,1/31/2021 22:57,scattered clouds
708,Aktau,43.65,51.2,41,87,90,6.71,KZ,1/31/2021 22:57,overcast clouds
709,Jejuri,18.2833,74.1667,66.2,44,0,5.26,IN,1/31/2021 22:57,clear sky
710,Kirakira,-10.4544,161.9205,84.92,71,74,19.64,SB,1/31/2021 22:57,broken clouds
711,Sloboda,51.1421,40.3021,18.43,97,45,7.14,RU,1/31/2021 22:57,scattered clouds
712,Dakar,14.6937,-17.4441,75.2,46,0,11.5,SN,1/31/2021 22:57,clear sky
